run_id,success,git_commit_hash,config_hash,sweep_id,tuning_record_sha,circuit_hash,task_seed,reservoir_seed,task_name,design,primary_metric_name,primary_metric_value,measurement_model,n_configs,n_validation_evals,secondary_metrics,python_version,backend_device,device,precision,entanglement_metric,runtime_per_stage_seconds
287c5bea-2e8a-4e6f-bf84-75c1bc8713d9,True,8ed2df4d082ee6613e9a9480d5f5f41b99b23f4e,509b9d0be086f1a8d8ab8b7af4965c28dc79a1db686b4fdf1a940d5b821666cf,20260924T214530147999Z,aed397a0e24e8b5024a8aa01841cc7441b1c3068ba5b438c1261d8dc359c506e,a74226d2d596d80bea4ed2a1c901fb5e052b8305f730f351ea97ed64012aa64b,42,137,stm,tuned,stm_memory,1.865654517427134,exact,60,300,"{""mc_total"": 2.196760936864717, ""mc_k0"": 0.33110641943758323}",3.13.12,default.qubit,cpu,float64,,"{""task_generation"": 0.002081299986457452, ""reservoir_build"": 4.00003045797348e-07, ""feature_extraction"": 1.3210824000125285, ""readout_training"": 0.044097799982409924}"
dc36a6ff-36cd-4981-bd2d-7b98827b3d6b,True,8ed2df4d082ee6613e9a9480d5f5f41b99b23f4e,509b9d0be086f1a8d8ab8b7af4965c28dc79a1db686b4fdf1a940d5b821666cf,20260924T214530147999Z,aed397a0e24e8b5024a8aa01841cc7441b1c3068ba5b438c1261d8dc359c506e,4a0cc9943437b33e870733a0cf9ae8539ae1d04270b567f5fe486dc512c13f71,43,138,stm,tuned,stm_memory,2.3888892305175107,exact,60,300,"{""mc_total"": 3.089248915241593, ""mc_k0"": 0.7003596847240825}",3.13.12,default.qubit,cpu,float64,,"{""task_generation"": 0.00018760000239126384, ""reservoir_build"": 3.00002284348011e-07, ""feature_extraction"": 1.5246916000032797, ""readout_training"": 0.0642842999950517}"
8ca2fccb-ed5a-47e2-ae2a-3ee8076debdf,True,8ed2df4d082ee6613e9a9480d5f5f41b99b23f4e,509b9d0be086f1a8d8ab8b7af4965c28dc79a1db686b4fdf1a940d5b821666cf,20260924T214530147999Z,aed397a0e24e8b5024a8aa01841cc7441b1c3068ba5b438c1261d8dc359c506e,13fe2db850522df805da413e5100ff5e6a9fbb8a356e7faf28fe2a06827861e2,44,139,stm,tuned,stm_memory,1.5379329161150008,exact,60,300,"{""mc_total"": 1.6728894647706225, ""mc_k0"": 0.13495654865562168}",3.13.12,default.qubit,cpu,float64,,"{""task_generation"": 0.0002628999936860055, ""reservoir_build"": 4.999747034162283e-07, ""feature_extraction"": 1.344075500004692, ""readout_training"": 0.03493039999739267}"
24c2221e-2314-4fb9-8ad1-44e044d233ac,True,8ed2df4d082ee6613e9a9480d5f5f41b99b23f4e,509b9d0be086f1a8d8ab8b7af4965c28dc79a1db686b4fdf1a940d5b821666cf,20260924T214530147999Z,aed397a0e24e8b5024a8aa01841cc7441b1c3068ba5b438c1261d8dc359c506e,7d7538b87ea2bd8d57a3a770dadb8569f88b5229bfa7e80286319e2460637500,45,140,stm,tuned,stm_memory,1.580462132998912,exact,60,300,"{""mc_total"": 2.3800792282205707, ""mc_k0"": 0.7996170952216588}",3.13.12,default.qubit,cpu,float64,,"{""task_generation"": 0.00015919998986646533, ""reservoir_build"": 3.00002284348011e-07, ""feature_extraction"": 1.481117199989967, ""readout_training"": 0.052446500019868836}"
be2e1500-0f58-477e-bd7c-bdeabb1b49a3,True,8ed2df4d082ee6613e9a9480d5f5f41b99b23f4e,509b9d0be086f1a8d8ab8b7af4965c28dc79a1db686b4fdf1a940d5b821666cf,20260924T214530147999Z,aed397a0e24e8b5024a8aa01841cc7441b1c3068ba5b438c1261d8dc359c506e,d7ba86354b7ca82f50086ce686f206ccda5422048a15e07b1146f14d9b3404ef,46,141,stm,tuned,stm_memory,1.6771578672674523,exact,60,300,"{""mc_total"": 2.299149910965905, ""mc_k0"": 0.6219920436984525}",3.13.12,default.qubit,cpu,float64,,"{""task_generation"": 0.0002615000121295452, ""reservoir_build"": 1.00000761449337e-06, ""feature_extraction"": 2.1017485999909695, ""readout_training"": 0.044414600008167326}"
04f5e91b-7cd6-4b4d-8c80-c04fa245b8b6,True,8ed2df4d082ee6613e9a9480d5f5f41b99b23f4e,509b9d0be086f1a8d8ab8b7af4965c28dc79a1db686b4fdf1a940d5b821666cf,20260924T214530147999Z,aed397a0e24e8b5024a8aa01841cc7441b1c3068ba5b438c1261d8dc359c506e,3607e7c9650e7340f3af6bfa4dbe268cf6e879ce22f40cbe7487f9ed5eb7868f,47,142,stm,tuned,stm_memory,1.5005333781482548,exact,60,300,"{""mc_total"": 2.0228703670206216, ""mc_k0"": 0.5223369888723668}",3.13.12,default.qubit,cpu,float64,,"{""task_generation"": 0.00026500000967644155, ""reservoir_build"": 3.999739419668913e-07, ""feature_extraction"": 2.01951199999894, ""readout_training"": 0.043134600011399016}"
4d8c534d-79d0-4d33-9c09-612ee6cc10b7,True,8ed2df4d082ee6613e9a9480d5f5f41b99b23f4e,509b9d0be086f1a8d8ab8b7af4965c28dc79a1db686b4fdf1a940d5b821666cf,20260924T214530147999Z,aed397a0e24e8b5024a8aa01841cc7441b1c3068ba5b438c1261d8dc359c506e,35ae1e3adc7d7984548ca031bce0145b4a62ef80f6c4148eb00db1baf672bb4b,48,143,stm,tuned,stm_memory,1.175936234030208,exact,60,300,"{""mc_total"": 1.8724444369196573, ""mc_k0"": 0.6965082028894494}",3.13.12,default.qubit,cpu,float64,,"{""task_generation"": 0.0002690000110305846, ""reservoir_build"": 4.00003045797348e-07, ""feature_extraction"": 2.8136268999951426, ""readout_training"": 0.04238850000547245}"
32a9f91d-0915-41cc-bb12-f76e39360eda,True,8ed2df4d082ee6613e9a9480d5f5f41b99b23f4e,509b9d0be086f1a8d8ab8b7af4965c28dc79a1db686b4fdf1a940d5b821666cf,20260924T214530147999Z,aed397a0e24e8b5024a8aa01841cc7441b1c3068ba5b438c1261d8dc359c506e,ff5685135bbdcde51e1f767e536a40bcab60ac194b20a9ac9a2164e3efdc0e81,49,144,stm,tuned,stm_memory,1.992875697683832,exact,60,300,"{""mc_total"": 2.4483409000424152, ""mc_k0"": 0.45546520235858323}",3.13.12,default.qubit,cpu,float64,,"{""task_generation"": 0.00015090001397766173, ""reservoir_build"": 3.999739419668913e-07, ""feature_extraction"": 2.716735099995276, ""readout_training"": 0.04318979999516159}"
a34d26c3-0c0f-4193-94f7-8df20803fa38,True,8ed2df4d082ee6613e9a9480d5f5f41b99b23f4e,509b9d0be086f1a8d8ab8b7af4965c28dc79a1db686b4fdf1a940d5b821666cf,20260924T214530147999Z,aed397a0e24e8b5024a8aa01841cc7441b1c3068ba5b438c1261d8dc359c506e,7f1bff7a7f3dc07804856d4056a59e7d074302d2ae1e22cb0f443f54d112acf5,50,145,stm,tuned,stm_memory,1.5547327593018683,exact,60,300,"{""mc_total"": 1.9543431858163915, ""mc_k0"": 0.3996104265145233}",3.13.12,default.qubit,cpu,float64,,"{""task_generation"": 0.0002416999777778983, ""reservoir_build"": 7.00005330145359e-07, ""feature_extraction"": 2.7408544000063557, ""readout_training"": 0.03792279999470338}"
daa0b1d6-2299-4f61-933e-341f817bf798,True,8ed2df4d082ee6613e9a9480d5f5f41b99b23f4e,509b9d0be086f1a8d8ab8b7af4965c28dc79a1db686b4fdf1a940d5b821666cf,20260924T214530147999Z,aed397a0e24e8b5024a8aa01841cc7441b1c3068ba5b438c1261d8dc359c506e,b32ddb4cd14b3e7f46d78606255f60eaadfe606b3084af766d973df25dfba82c,51,146,stm,tuned,stm_memory,2.168849682210626,exact,60,300,"{""mc_total"": 2.4477157173741255, ""mc_k0"": 0.2788660351634995}",3.13.12,default.qubit,cpu,float64,,"{""task_generation"": 0.00015369997709058225, ""reservoir_build"": 3.00002284348011e-07, ""feature_extraction"": 1.3594044000201393, ""readout_training"": 0.038198100024601445}"
854cb3d3-a3e8-4d87-9867-a3d28d315022,True,8ed2df4d082ee6613e9a9480d5f5f41b99b23f4e,509b9d0be086f1a8d8ab8b7af4965c28dc79a1db686b4fdf1a940d5b821666cf,20260924T214530147999Z,aed397a0e24e8b5024a8aa01841cc7441b1c3068ba5b438c1261d8dc359c506e,2c0676ef2a30dc722c4bc787543e163b0cf48041def588a67b7906d1946ecef8,52,147,stm,tuned,stm_memory,1.7788923393867033,exact,60,300,"{""mc_total"": 2.109595005429547, ""mc_k0"": 0.3307026660428438}",3.13.12,default.qubit,cpu,float64,,"{""task_generation"": 0.00019160000374540687, ""reservoir_build"": 3.999739419668913e-07, ""feature_extraction"": 2.0973758999898564, ""readout_training"": 0.04795169999124482}"
1deb3614-1f1f-49f5-ade2-b06a73f3d96b,True,8ed2df4d082ee6613e9a9480d5f5f41b99b23f4e,509b9d0be086f1a8d8ab8b7af4965c28dc79a1db686b4fdf1a940d5b821666cf,20260924T214530147999Z,aed397a0e24e8b5024a8aa01841cc7441b1c3068ba5b438c1261d8dc359c506e,82f16e111805961d3a6f68ab11baf6c899c660dda38c73f6693b56b46227e7f9,53,148,stm,tuned,stm_memory,1.6260841867911002,exact,60,300,"{""mc_total"": 2.425974621547215, ""mc_k0"": 0.7998904347561149}",3.13.12,default.qubit,cpu,float64,,"{""task_generation"": 0.00018459997954778373, ""reservoir_build"": 4.00003045797348e-07, ""feature_extraction"": 1.4298744999978226, ""readout_training"": 0.048059499997179955}"
5944c82b-80c0-4adf-8e94-d038c062bdde,True,8ed2df4d082ee6613e9a9480d5f5f41b99b23f4e,509b9d0be086f1a8d8ab8b7af4965c28dc79a1db686b4fdf1a940d5b821666cf,20260924T214530147999Z,b4f56d80b6f9366ef11a9c0ef4a8f5626aaab70d9fc197ac6f9bfe2e99bb6d1c,6d9fa660c4d247751796771bcaabd50b00e78541e1a71822b279fd51d39f8c46,42,137,parity,tuned,accuracy,1.0,exact,60,300,{},3.13.12,default.qubit,cpu,float64,,"{""task_generation"": 0.002989000000525266, ""reservoir_build"": 5.00003807246685e-07, ""feature_extraction"": 0.04668690002290532, ""readout_training"": 0.0501477999787312}"
39a7838d-5ce1-4518-b162-9d9b89d912bb,True,8ed2df4d082ee6613e9a9480d5f5f41b99b23f4e,509b9d0be086f1a8d8ab8b7af4965c28dc79a1db686b4fdf1a940d5b821666cf,20260924T214530147999Z,b4f56d80b6f9366ef11a9c0ef4a8f5626aaab70d9fc197ac6f9bfe2e99bb6d1c,005f31cd77746cf300b751421e4318fce893c1be0a57c31031eb60038682d93c,43,138,parity,tuned,accuracy,1.0,exact,60,300,{},3.13.12,default.qubit,cpu,float64,,"{""task_generation"": 0.0007243000145535916, ""reservoir_build"": 4.00003045797348e-07, ""feature_extraction"": 0.05920450002304278, ""readout_training"": 0.06762180000077933}"
7654220b-b54d-4374-b59c-c1ed57fa5d34,True,8ed2df4d082ee6613e9a9480d5f5f41b99b23f4e,509b9d0be086f1a8d8ab8b7af4965c28dc79a1db686b4fdf1a940d5b821666cf,20260924T214530147999Z,b4f56d80b6f9366ef11a9c0ef4a8f5626aaab70d9fc197ac6f9bfe2e99bb6d1c,1c6b2e99cb1eb5684b809e595549b25c6e45126b54ffd85d81a37dfb503c1a21,44,139,parity,tuned,accuracy,1.0,exact,60,300,{},3.13.12,default.qubit,cpu,float64,,"{""task_generation"": 0.0007938999915495515, ""reservoir_build"": 6.00004568696022e-07, ""feature_extraction"": 0.03783539999858476, ""readout_training"": 0.033772299997508526}"
2ef6a3d1-8d7d-4a32-988c-89d996b625e6,True,8ed2df4d082ee6613e9a9480d5f5f41b99b23f4e,509b9d0be086f1a8d8ab8b7af4965c28dc79a1db686b4fdf1a940d5b821666cf,20260924T214530147999Z,b4f56d80b6f9366ef11a9c0ef4a8f5626aaab70d9fc197ac6f9bfe2e99bb6d1c,9c40720c7757ccb150d3868b4e8032b57e684cd4c5919fec1f1c14c77f44afb7,45,140,parity,tuned,accuracy,1.0,exact,60,300,{},3.13.12,default.qubit,cpu,float64,,"{""task_generation"": 0.0012408999900799245, ""reservoir_build"": 5.00003807246685e-07, ""feature_extraction"": 0.04031599999871105, ""readout_training"": 0.044180500000948086}"
c79993b3-aed0-429f-b026-1ada32967f6f,True,8ed2df4d082ee6613e9a9480d5f5f41b99b23f4e,509b9d0be086f1a8d8ab8b7af4965c28dc79a1db686b4fdf1a940d5b821666cf,20260924T214530147999Z,b4f56d80b6f9366ef11a9c0ef4a8f5626aaab70d9fc197ac6f9bfe2e99bb6d1c,fa86be68eacb3c5f23c23eda24a7f322c56123543289236444cf644d4455f295,46,141,parity,tuned,accuracy,1.0,exact,60,300,{},3.13.12,default.qubit,cpu,float64,,"{""task_generation"": 0.0010921999928541481, ""reservoir_build"": 4.00003045797348e-07, ""feature_extraction"": 0.03971189999720082, ""readout_training"": 0.05481900001177564}"
9c13203b-ac02-45c8-aff4-06e0b3cba5a5,True,8ed2df4d082ee6613e9a9480d5f5f41b99b23f4e,509b9d0be086f1a8d8ab8b7af4965c28dc79a1db686b4fdf1a940d5b821666cf,20260924T214530147999Z,b4f56d80b6f9366ef11a9c0ef4a8f5626aaab70d9fc197ac6f9bfe2e99bb6d1c,9099a2687c08addd25aa4c20c6b28f90aa70bc8ba42bbf9bfd0b6bc7ff77abdb,47,142,parity,tuned,accuracy,1.0,exact,60,300,{},3.13.12,default.qubit,cpu,float64,,"{""task_generation"": 0.0012547000078484416, ""reservoir_build"": 8.00006091594696e-07, ""feature_extraction"": 0.039564000006066635, ""readout_training"": 0.04578300000866875}"
39621bf2-818c-4dcf-90be-69b9cf43d22f,True,8ed2df4d082ee6613e9a9480d5f5f41b99b23f4e,509b9d0be086f1a8d8ab8b7af4965c28dc79a1db686b4fdf1a940d5b821666cf,20260924T214530147999Z,b4f56d80b6f9366ef11a9c0ef4a8f5626aaab70d9fc197ac6f9bfe2e99bb6d1c,131437ddce2c7dddde7796899a4f5bb1555b5826f50c104af5909ea8800a6a3f,48,143,parity,tuned,accuracy,1.0,exact,60,300,{},3.13.12,default.qubit,cpu,float64,,"{""task_generation"": 0.0013767000054940581, ""reservoir_build"": 7.00005330145359e-07, ""feature_extraction"": 0.050281900010304525, ""readout_training"": 0.05542859999695793}"
b9115edf-9e6c-4a00-a874-87c215792f98,True,8ed2df4d082ee6613e9a9480d5f5f41b99b23f4e,509b9d0be086f1a8d8ab8b7af4965c28dc79a1db686b4fdf1a940d5b821666cf,20260924T214530147999Z,b4f56d80b6f9366ef11a9c0ef4a8f5626aaab70d9fc197ac6f9bfe2e99bb6d1c,f71e69a681b539a5b3fe3a24016b4e42b149cac152af4c963da0ffa8afc08875,49,144,parity,tuned,accuracy,1.0,exact,60,300,{},3.13.12,default.qubit,cpu,float64,,"{""task_generation"": 0.0011534999939613044, ""reservoir_build"": 4.00003045797348e-07, ""feature_extraction"": 0.0640889999922365, ""readout_training"": 0.05928169999970123}"
f6fdeef7-6b79-4e43-b0ba-08046bb341e4,True,8ed2df4d082ee6613e9a9480d5f5f41b99b23f4e,509b9d0be086f1a8d8ab8b7af4965c28dc79a1db686b4fdf1a940d5b821666cf,20260924T214530147999Z,b4f56d80b6f9366ef11a9c0ef4a8f5626aaab70d9fc197ac6f9bfe2e99bb6d1c,e7279b80d3bcdb79c2c0c4ca2b203262cafb795b237e2b9f125e3185b97a48d1,50,145,parity,tuned,accuracy,1.0,exact,60,300,{},3.13.12,default.qubit,cpu,float64,,"{""task_generation"": 0.0008513999928254634, ""reservoir_build"": 9.00006853044033e-07, ""feature_extraction"": 0.05181880001327954, ""readout_training"": 0.05335750000085682}"
e64b410a-1a04-4b9e-914e-580e6371290c,True,8ed2df4d082ee6613e9a9480d5f5f41b99b23f4e,509b9d0be086f1a8d8ab8b7af4965c28dc79a1db686b4fdf1a940d5b821666cf,20260924T214530147999Z,b4f56d80b6f9366ef11a9c0ef4a8f5626aaab70d9fc197ac6f9bfe2e99bb6d1c,e0377a8ec382e5f9d481c9ec25720524670ff911ab85a498202d0e12eb21cc36,51,146,parity,tuned,accuracy,1.0,exact,60,300,{},3.13.12,default.qubit,cpu,float64,,"{""task_generation"": 0.001254200004041195, ""reservoir_build"": 9.00006853044033e-07, ""feature_extraction"": 0.0544864000112284, ""readout_training"": 0.04659750001155771}"
fda6635b-1fc2-43b9-a4cd-c726e841037f,True,8ed2df4d082ee6613e9a9480d5f5f41b99b23f4e,509b9d0be086f1a8d8ab8b7af4965c28dc79a1db686b4fdf1a940d5b821666cf,20260924T214530147999Z,b4f56d80b6f9366ef11a9c0ef4a8f5626aaab70d9fc197ac6f9bfe2e99bb6d1c,8c020de716204cd70e37ae9a3488c7e5acd9aaa27e01c8ef85c805509fc60be6,52,147,parity,tuned,accuracy,1.0,exact,60,300,{},3.13.12,default.qubit,cpu,float64,,"{""task_generation"": 0.0009658999915700406, ""reservoir_build"": 6.00004568696022e-07, ""feature_extraction"": 0.04725590001908131, ""readout_training"": 0.039032200002111495}"
25dca9f0-1475-4b4b-a0f7-1997a41b85ca,True,8ed2df4d082ee6613e9a9480d5f5f41b99b23f4e,509b9d0be086f1a8d8ab8b7af4965c28dc79a1db686b4fdf1a940d5b821666cf,20260924T214530147999Z,b4f56d80b6f9366ef11a9c0ef4a8f5626aaab70d9fc197ac6f9bfe2e99bb6d1c,b8ef3714547b86341def34f51dad76340e732f1562b2ad95f678a35e7cda5565,53,148,parity,tuned,accuracy,1.0,exact,60,300,{},3.13.12,default.qubit,cpu,float64,,"{""task_generation"": 0.0008368999988306314, ""reservoir_build"": 9.00006853044033e-07, ""feature_extraction"": 0.047726200020406395, ""readout_training"": 0.050198999990243465}"
411317ef-8d6b-4a6a-a75e-dc0cde88bcc7,True,8ed2df4d082ee6613e9a9480d5f5f41b99b23f4e,509b9d0be086f1a8d8ab8b7af4965c28dc79a1db686b4fdf1a940d5b821666cf,20260924T214530147999Z,1a3ff7e2c71effca240858f489498e7a41d067b52fb3295a452b7a45a656fb24,28be0ebd5021a625ce533b4959891dbfd61fce597b12d0541d663333c6a268be,42,137,narma,tuned,nrmse,0.8913880739112056,exact,60,300,{},3.13.12,default.qubit,cpu,float64,,"{""task_generation"": 0.015739700000267476, ""reservoir_build"": 5.00003807246685e-07, ""feature_extraction"": 1.365549700014526, ""readout_training"": 0.04307569999946281}"
246dd5c1-a8bb-4ba3-9b31-e5b55683c196,True,8ed2df4d082ee6613e9a9480d5f5f41b99b23f4e,509b9d0be086f1a8d8ab8b7af4965c28dc79a1db686b4fdf1a940d5b821666cf,20260924T214530147999Z,1a3ff7e2c71effca240858f489498e7a41d067b52fb3295a452b7a45a656fb24,967fc00fb4647b970fc867f4a144911226b97e1834b12f999bd57c24e41740eb,43,138,narma,tuned,nrmse,0.8862984994859519,exact,60,300,{},3.13.12,default.qubit,cpu,float64,,"{""task_generation"": 0.00776510001742281, ""reservoir_build"": 4.00003045797348e-07, ""feature_extraction"": 1.9810057999857236, ""readout_training"": 0.039328500017290935}"
51513c6b-3915-4790-b6cc-aac1ed44d3b6,True,8ed2df4d082ee6613e9a9480d5f5f41b99b23f4e,509b9d0be086f1a8d8ab8b7af4965c28dc79a1db686b4fdf1a940d5b821666cf,20260924T214530147999Z,1a3ff7e2c71effca240858f489498e7a41d067b52fb3295a452b7a45a656fb24,5fab2aeb17a6672d9aab3bd25a7252a3e478255b71a9c1615ad3f20bac45081f,44,139,narma,tuned,nrmse,0.8808306037990554,exact,60,300,{},3.13.12,default.qubit,cpu,float64,,"{""task_generation"": 0.010368399991421029, ""reservoir_build"": 5.00003807246685e-07, ""feature_extraction"": 4.254867899988312, ""readout_training"": 0.035898600006476045}"
485ffc5c-ebd9-44df-b447-51ddd3ff9298,True,8ed2df4d082ee6613e9a9480d5f5f41b99b23f4e,509b9d0be086f1a8d8ab8b7af4965c28dc79a1db686b4fdf1a940d5b821666cf,20260924T214530147999Z,1a3ff7e2c71effca240858f489498e7a41d067b52fb3295a452b7a45a656fb24,7d7538b87ea2bd8d57a3a770dadb8569f88b5229bfa7e80286319e2460637500,45,140,narma,tuned,nrmse,0.8214957870759885,exact,60,300,{},3.13.12,default.qubit,cpu,float64,,"{""task_generation"": 0.010212499997578561, ""reservoir_build"": 5.00003807246685e-07, ""feature_extraction"": 1.362054099998204, ""readout_training"": 0.04263650000211783}"
756aa617-c43a-4089-9243-846085652226,True,8ed2df4d082ee6613e9a9480d5f5f41b99b23f4e,509b9d0be086f1a8d8ab8b7af4965c28dc79a1db686b4fdf1a940d5b821666cf,20260924T214530147999Z,1a3ff7e2c71effca240858f489498e7a41d067b52fb3295a452b7a45a656fb24,4f6b622ac53d734abaee806c51f20c3e34a75d14f4da561f5903ca2000aebb3e,46,141,narma,tuned,nrmse,0.8865703964324393,exact,60,300,{},3.13.12,default.qubit,cpu,float64,,"{""task_generation"": 0.00977720000082627, ""reservoir_build"": 4.00003045797348e-07, ""feature_extraction"": 1.3764717000012752, ""readout_training"": 0.04699180001625791}"
bae24120-4169-4f79-8e5a-59ee7306affc,True,8ed2df4d082ee6613e9a9480d5f5f41b99b23f4e,509b9d0be086f1a8d8ab8b7af4965c28dc79a1db686b4fdf1a940d5b821666cf,20260924T214530147999Z,1a3ff7e2c71effca240858f489498e7a41d067b52fb3295a452b7a45a656fb24,a8d633cce523a4b48ae3a82fd6aa50f4244162b30c4c0d4d433d682a0f44b48a,47,142,narma,tuned,nrmse,0.8641246440650785,exact,60,300,{},3.13.12,default.qubit,cpu,float64,,"{""task_generation"": 0.010073999990709126, ""reservoir_build"": 3.999739419668913e-07, ""feature_extraction"": 2.9587998999923, ""readout_training"": 0.03638420000788756}"
10e07541-611c-4cfb-97ca-68ef48489fb4,True,8ed2df4d082ee6613e9a9480d5f5f41b99b23f4e,509b9d0be086f1a8d8ab8b7af4965c28dc79a1db686b4fdf1a940d5b821666cf,20260924T214530147999Z,1a3ff7e2c71effca240858f489498e7a41d067b52fb3295a452b7a45a656fb24,083961e53cdec587f09f36ed3215bc37040539cddc70ba7b45613c458d566d28,48,143,narma,tuned,nrmse,0.9631902332054098,exact,60,300,{},3.13.12,default.qubit,cpu,float64,,"{""task_generation"": 0.012181300000520423, ""reservoir_build"": 1.200009137392044e-06, ""feature_extraction"": 2.07519949998823, ""readout_training"": 0.04576629999792203}"
13fd6869-9021-48c9-ba6d-8b3c2f63fc37,True,8ed2df4d082ee6613e9a9480d5f5f41b99b23f4e,509b9d0be086f1a8d8ab8b7af4965c28dc79a1db686b4fdf1a940d5b821666cf,20260924T214530147999Z,1a3ff7e2c71effca240858f489498e7a41d067b52fb3295a452b7a45a656fb24,86829ff0cb77701e47c61c2bc283008cba4ca5e21cd8f2692c3028f8d1d8a7ec,49,144,narma,tuned,nrmse,0.8076315169483322,exact,60,300,{},3.13.12,default.qubit,cpu,float64,,"{""task_generation"": 0.008832999999867752, ""reservoir_build"": 3.999739419668913e-07, ""feature_extraction"": 2.0817054999934044, ""readout_training"": 0.04278780001914129}"
d8aa4c96-9526-4ead-bd49-94325f733fdb,True,8ed2df4d082ee6613e9a9480d5f5f41b99b23f4e,509b9d0be086f1a8d8ab8b7af4965c28dc79a1db686b4fdf1a940d5b821666cf,20260924T214530147999Z,1a3ff7e2c71effca240858f489498e7a41d067b52fb3295a452b7a45a656fb24,111b0885d58d4f807d90e11fe36205122b66c130d25589d0b9b7adaddbc2ef4e,50,145,narma,tuned,nrmse,0.9226850593470431,exact,60,300,{},3.13.12,default.qubit,cpu,float64,,"{""task_generation"": 0.012275599990971386, ""reservoir_build"": 1.0999792721122503e-06, ""feature_extraction"": 3.3528771999990568, ""readout_training"": 0.03864009998505935}"
069d3227-8a06-4e3b-a076-2c50185cff52,True,8ed2df4d082ee6613e9a9480d5f5f41b99b23f4e,509b9d0be086f1a8d8ab8b7af4965c28dc79a1db686b4fdf1a940d5b821666cf,20260924T214530147999Z,1a3ff7e2c71effca240858f489498e7a41d067b52fb3295a452b7a45a656fb24,8a9bfc15f7d6c1078cd57c5d32780e13314c21239aedb8e17a89cb45ace460d3,51,146,narma,tuned,nrmse,1.169993315809494,exact,60,300,{},3.13.12,default.qubit,cpu,float64,,"{""task_generation"": 0.013622300000861287, ""reservoir_build"": 9.00006853044033e-07, ""feature_extraction"": 2.136727500008419, ""readout_training"": 0.04572549997828901}"
b4578825-61a3-41c3-96b5-22bbf061c8ae,True,8ed2df4d082ee6613e9a9480d5f5f41b99b23f4e,509b9d0be086f1a8d8ab8b7af4965c28dc79a1db686b4fdf1a940d5b821666cf,20260924T214530147999Z,1a3ff7e2c71effca240858f489498e7a41d067b52fb3295a452b7a45a656fb24,36c65461ec8633bd5b5495f80491f60021bad405c684bade939c7eeb34c19715,52,147,narma,tuned,nrmse,0.9901026115835208,exact,60,300,{},3.13.12,default.qubit,cpu,float64,,"{""task_generation"": 0.01031939999666065, ""reservoir_build"": 4.00003045797348e-07, ""feature_extraction"": 2.051031499984674, ""readout_training"": 0.040879799984395504}"
971b2e47-93a3-4591-bb71-4f854e4e9ab1,True,8ed2df4d082ee6613e9a9480d5f5f41b99b23f4e,509b9d0be086f1a8d8ab8b7af4965c28dc79a1db686b4fdf1a940d5b821666cf,20260924T214530147999Z,1a3ff7e2c71effca240858f489498e7a41d067b52fb3295a452b7a45a656fb24,676d134ada4602b4521036a078422a779d00941eadf87e2aaa25496e0623f296,53,148,narma,tuned,nrmse,0.8619393568063864,exact,60,300,{},3.13.12,default.qubit,cpu,float64,,"{""task_generation"": 0.00869699998293072, ""reservoir_build"": 4.00003045797348e-07, ""feature_extraction"": 1.3903972000116482, ""readout_training"": 0.04827769999974407}"
58ea5397-6ddc-4c03-a91d-0945ead10da0,True,8ed2df4d082ee6613e9a9480d5f5f41b99b23f4e,509b9d0be086f1a8d8ab8b7af4965c28dc79a1db686b4fdf1a940d5b821666cf,20260924T214530147999Z,aed397a0e24e8b5024a8aa01841cc7441b1c3068ba5b438c1261d8dc359c506e,a74226d2d596d80bea4ed2a1c901fb5e052b8305f730f351ea97ed64012aa64b,42,137,parity,tuned,accuracy,0.44,exact,60,300,{},3.13.12,default.qubit,cpu,float64,,"{""task_generation"": 0.0024919999996200204, ""reservoir_build"": 5.00003807246685e-07, ""feature_extraction"": 0.04447930000605993, ""readout_training"": 0.04919919997337274}"
9d0b40f4-60f6-45a0-86ba-401970635f3b,True,8ed2df4d082ee6613e9a9480d5f5f41b99b23f4e,509b9d0be086f1a8d8ab8b7af4965c28dc79a1db686b4fdf1a940d5b821666cf,20260924T214530147999Z,aed397a0e24e8b5024a8aa01841cc7441b1c3068ba5b438c1261d8dc359c506e,4a0cc9943437b33e870733a0cf9ae8539ae1d04270b567f5fe486dc512c13f71,43,138,parity,tuned,accuracy,0.52,exact,60,300,{},3.13.12,default.qubit,cpu,float64,,"{""task_generation"": 0.0006820000126026571, ""reservoir_build"": 3.00002284348011e-07, ""feature_extraction"": 0.045177899999544024, ""readout_training"": 0.04036349998204969}"
82607266-dccf-40f3-81b5-ba0dffc421dd,True,8ed2df4d082ee6613e9a9480d5f5f41b99b23f4e,509b9d0be086f1a8d8ab8b7af4965c28dc79a1db686b4fdf1a940d5b821666cf,20260924T214530147999Z,aed397a0e24e8b5024a8aa01841cc7441b1c3068ba5b438c1261d8dc359c506e,13fe2db850522df805da413e5100ff5e6a9fbb8a356e7faf28fe2a06827861e2,44,139,parity,tuned,accuracy,0.5266666666666666,exact,60,300,{},3.13.12,default.qubit,cpu,float64,,"{""task_generation"": 0.0007089000137057155, ""reservoir_build"": 3.00002284348011e-07, ""feature_extraction"": 0.04288610001094639, ""readout_training"": 0.047296299977460876}"
2f6be31a-fded-4456-b91a-79836ce10e00,True,8ed2df4d082ee6613e9a9480d5f5f41b99b23f4e,509b9d0be086f1a8d8ab8b7af4965c28dc79a1db686b4fdf1a940d5b821666cf,20260924T214530147999Z,aed397a0e24e8b5024a8aa01841cc7441b1c3068ba5b438c1261d8dc359c506e,7d7538b87ea2bd8d57a3a770dadb8569f88b5229bfa7e80286319e2460637500,45,140,parity,tuned,accuracy,0.34,exact,60,300,{},3.13.12,default.qubit,cpu,float64,,"{""task_generation"": 0.0011676999856717885, ""reservoir_build"": 8.999777492135763e-07, ""feature_extraction"": 0.04010139999445528, ""readout_training"": 0.043521200015675277}"
972733c0-927f-40bf-8887-8ab18a9c41c4,True,8ed2df4d082ee6613e9a9480d5f5f41b99b23f4e,509b9d0be086f1a8d8ab8b7af4965c28dc79a1db686b4fdf1a940d5b821666cf,20260924T214530147999Z,aed397a0e24e8b5024a8aa01841cc7441b1c3068ba5b438c1261d8dc359c506e,d7ba86354b7ca82f50086ce686f206ccda5422048a15e07b1146f14d9b3404ef,46,141,parity,tuned,accuracy,0.54,exact,60,300,{},3.13.12,default.qubit,cpu,float64,,"{""task_generation"": 0.001127800001995638, ""reservoir_build"": 4.00003045797348e-07, ""feature_extraction"": 0.06998380000004545, ""readout_training"": 0.03919490001862869}"
afce5555-6dc3-491f-8551-729ec23d242f,True,8ed2df4d082ee6613e9a9480d5f5f41b99b23f4e,509b9d0be086f1a8d8ab8b7af4965c28dc79a1db686b4fdf1a940d5b821666cf,20260924T214530147999Z,aed397a0e24e8b5024a8aa01841cc7441b1c3068ba5b438c1261d8dc359c506e,3607e7c9650e7340f3af6bfa4dbe268cf6e879ce22f40cbe7487f9ed5eb7868f,47,142,parity,tuned,accuracy,0.49333333333333335,exact,60,300,{},3.13.12,default.qubit,cpu,float64,,"{""task_generation"": 0.001186200010124594, ""reservoir_build"": 6.00004568696022e-07, ""feature_extraction"": 0.0644550999859348, ""readout_training"": 0.04770480000297539}"
312e9848-92f6-4837-bc5e-89cbaf73e101,True,8ed2df4d082ee6613e9a9480d5f5f41b99b23f4e,509b9d0be086f1a8d8ab8b7af4965c28dc79a1db686b4fdf1a940d5b821666cf,20260924T214530147999Z,aed397a0e24e8b5024a8aa01841cc7441b1c3068ba5b438c1261d8dc359c506e,35ae1e3adc7d7984548ca031bce0145b4a62ef80f6c4148eb00db1baf672bb4b,48,143,parity,tuned,accuracy,0.7933333333333333,exact,60,300,{},3.13.12,default.qubit,cpu,float64,,"{""task_generation"": 0.0007638000242877752, ""reservoir_build"": 3.00002284348011e-07, ""feature_extraction"": 0.12318090000189841, ""readout_training"": 0.07582719999481924}"
c6e06691-7ed7-400d-9499-ee050ca54fd8,True,8ed2df4d082ee6613e9a9480d5f5f41b99b23f4e,509b9d0be086f1a8d8ab8b7af4965c28dc79a1db686b4fdf1a940d5b821666cf,20260924T214530147999Z,aed397a0e24e8b5024a8aa01841cc7441b1c3068ba5b438c1261d8dc359c506e,ff5685135bbdcde51e1f767e536a40bcab60ac194b20a9ac9a2164e3efdc0e81,49,144,parity,tuned,accuracy,0.35333333333333333,exact,60,300,{},3.13.12,default.qubit,cpu,float64,,"{""task_generation"": 0.0006655000033788383, ""reservoir_build"": 3.00002284348011e-07, ""feature_extraction"": 0.08601689999341033, ""readout_training"": 0.04978979998850264}"
f474f697-cc02-414a-97a3-3209113c9e2d,True,8ed2df4d082ee6613e9a9480d5f5f41b99b23f4e,509b9d0be086f1a8d8ab8b7af4965c28dc79a1db686b4fdf1a940d5b821666cf,20260924T214530147999Z,aed397a0e24e8b5024a8aa01841cc7441b1c3068ba5b438c1261d8dc359c506e,7f1bff7a7f3dc07804856d4056a59e7d074302d2ae1e22cb0f443f54d112acf5,50,145,parity,tuned,accuracy,0.4666666666666667,exact,60,300,{},3.13.12,default.qubit,cpu,float64,,"{""task_generation"": 0.0007815999852027744, ""reservoir_build"": 5.999754648655653e-07, ""feature_extraction"": 0.10308490000898018, ""readout_training"": 0.05309779997332953}"
e322346d-f13e-46b5-acd4-1a9ba362be29,True,8ed2df4d082ee6613e9a9480d5f5f41b99b23f4e,509b9d0be086f1a8d8ab8b7af4965c28dc79a1db686b4fdf1a940d5b821666cf,20260924T214530147999Z,aed397a0e24e8b5024a8aa01841cc7441b1c3068ba5b438c1261d8dc359c506e,b32ddb4cd14b3e7f46d78606255f60eaadfe606b3084af766d973df25dfba82c,51,146,parity,tuned,accuracy,0.52,exact,60,300,{},3.13.12,default.qubit,cpu,float64,,"{""task_generation"": 0.0007692999788559973, ""reservoir_build"": 4.00003045797348e-07, ""feature_extraction"": 0.04363579998607747, ""readout_training"": 0.042121200007386506}"
c309028b-2341-47b7-9d5d-71acf8468503,True,8ed2df4d082ee6613e9a9480d5f5f41b99b23f4e,509b9d0be086f1a8d8ab8b7af4965c28dc79a1db686b4fdf1a940d5b821666cf,20260924T214530147999Z,aed397a0e24e8b5024a8aa01841cc7441b1c3068ba5b438c1261d8dc359c506e,2c0676ef2a30dc722c4bc787543e163b0cf48041def588a67b7906d1946ecef8,52,147,parity,tuned,accuracy,0.5066666666666667,exact,60,300,{},3.13.12,default.qubit,cpu,float64,,"{""task_generation"": 0.0008288999961223453, ""reservoir_build"": 7.00005330145359e-07, ""feature_extraction"": 0.05854529998032376, ""readout_training"": 0.04946439998457208}"
60ff7cbe-59c1-463f-a9c3-9ee7074a2051,True,8ed2df4d082ee6613e9a9480d5f5f41b99b23f4e,509b9d0be086f1a8d8ab8b7af4965c28dc79a1db686b4fdf1a940d5b821666cf,20260924T214530147999Z,aed397a0e24e8b5024a8aa01841cc7441b1c3068ba5b438c1261d8dc359c506e,82f16e111805961d3a6f68ab11baf6c899c660dda38c73f6693b56b46227e7f9,53,148,parity,tuned,accuracy,0.5266666666666666,exact,60,300,{},3.13.12,default.qubit,cpu,float64,,"{""task_generation"": 0.0011087999737355858, ""reservoir_build"": 6.999762263149023e-07, ""feature_extraction"": 0.04390260000946, ""readout_training"": 0.05254770000465214}"
00907846-85c9-42d0-a151-bdad2a506d04,True,8ed2df4d082ee6613e9a9480d5f5f41b99b23f4e,509b9d0be086f1a8d8ab8b7af4965c28dc79a1db686b4fdf1a940d5b821666cf,20260924T214530147999Z,aed397a0e24e8b5024a8aa01841cc7441b1c3068ba5b438c1261d8dc359c506e,f6aa38330577b7c164991476a45e52a332cea6ddcb24eddc7324532bf6e6bbd8,42,137,stm,default,stm_memory,0.15304162658019274,exact,1,0,"{""mc_total"": 0.16991328594916688, ""mc_k0"": 0.01687165936897414}",3.13.12,default.qubit,cpu,float64,,"{""task_generation"": 0.0021751000022049993, ""reservoir_build"": 5.00003807246685e-07, ""feature_extraction"": 2.6719301999837626, ""readout_training"": 0.04949749997467734}"
c5cec383-504b-4635-9db4-f4c24c09da53,True,8ed2df4d082ee6613e9a9480d5f5f41b99b23f4e,509b9d0be086f1a8d8ab8b7af4965c28dc79a1db686b4fdf1a940d5b821666cf,20260924T214530147999Z,aed397a0e24e8b5024a8aa01841cc7441b1c3068ba5b438c1261d8dc359c506e,33791d1f8c3f3e9c4603a0314408191900fdde129fcd1a7c5471c366ecb4f734,42,137,stm,default_w1,stm_memory,0.17991186392549094,exact,1,0,"{""mc_total"": 0.29923785887102217, ""mc_k0"": 0.11932599494553123}",3.13.12,default.qubit,cpu,float64,,"{""task_generation"": 0.0021751000022049993, ""reservoir_build"": 5.00003807246685e-07, ""feature_extraction"": 2.7506949999951757, ""readout_training"": 0.046518499992089346}"
f6164f2a-d089-4643-9732-c9f7cbf18cbb,True,8ed2df4d082ee6613e9a9480d5f5f41b99b23f4e,509b9d0be086f1a8d8ab8b7af4965c28dc79a1db686b4fdf1a940d5b821666cf,20260924T214530147999Z,aed397a0e24e8b5024a8aa01841cc7441b1c3068ba5b438c1261d8dc359c506e,62ad6dacbc92e102a6184444ac8a06accb2e16c32148e4257833c3113f055232,43,138,stm,default,stm_memory,0.19441334778763705,exact,1,0,"{""mc_total"": 0.301324538022921, ""mc_k0"": 0.10691119023528392}",3.13.12,default.qubit,cpu,float64,,"{""task_generation"": 0.00021040000137872994, ""reservoir_build"": 7.00005330145359e-07, ""feature_extraction"": 2.8595593000063673, ""readout_training"": 0.045644600002560765}"
8a924f3a-ba25-42e9-bba3-71698d3a2cfc,True,8ed2df4d082ee6613e9a9480d5f5f41b99b23f4e,509b9d0be086f1a8d8ab8b7af4965c28dc79a1db686b4fdf1a940d5b821666cf,20260924T214530147999Z,aed397a0e24e8b5024a8aa01841cc7441b1c3068ba5b438c1261d8dc359c506e,f902594bd3144e1191dcf26d29ee24fb7b4bae550689f18c55cb4d0470ff08e3,43,138,stm,default_w1,stm_memory,0.1573916274990029,exact,1,0,"{""mc_total"": 0.7959653770482658, ""mc_k0"": 0.6385737495492628}",3.13.12,default.qubit,cpu,float64,,"{""task_generation"": 0.00021040000137872994, ""reservoir_build"": 7.00005330145359e-07, ""feature_extraction"": 2.8489426000160165, ""readout_training"": 0.04427620000205934}"
3abb61ba-5d41-4fbd-8b3f-c178dfc0d21e,True,8ed2df4d082ee6613e9a9480d5f5f41b99b23f4e,509b9d0be086f1a8d8ab8b7af4965c28dc79a1db686b4fdf1a940d5b821666cf,20260924T214530147999Z,aed397a0e24e8b5024a8aa01841cc7441b1c3068ba5b438c1261d8dc359c506e,2656a389c308bb28813f1c7af03e75178010c4421b72b411af6a2abdc581f342,44,139,stm,default,stm_memory,0.2546940353770504,exact,1,0,"{""mc_total"": 0.2550553185061366, ""mc_k0"": 0.0003612831290862317}",3.13.12,default.qubit,cpu,float64,,"{""task_generation"": 0.00021049997303634882, ""reservoir_build"": 3.00002284348011e-07, ""feature_extraction"": 2.8737269999983255, ""readout_training"": 0.043391000013798475}"
255ab74e-3948-41c8-a473-08393b840ef4,True,8ed2df4d082ee6613e9a9480d5f5f41b99b23f4e,509b9d0be086f1a8d8ab8b7af4965c28dc79a1db686b4fdf1a940d5b821666cf,20260924T214530147999Z,aed397a0e24e8b5024a8aa01841cc7441b1c3068ba5b438c1261d8dc359c506e,d98124c27d8962a9ebde3164b47824403f27ab82414928f34dd3a400ab5e47e5,44,139,stm,default_w1,stm_memory,0.1216382106870586,exact,1,0,"{""mc_total"": 0.8466593220586984, ""mc_k0"": 0.7250211113716398}",3.13.12,default.qubit,cpu,float64,,"{""task_generation"": 0.00021049997303634882, ""reservoir_build"": 3.00002284348011e-07, ""feature_extraction"": 2.725026700005401, ""readout_training"": 0.03238319998490624}"
749e142e-8c41-4afc-a688-df74e420086e,True,8ed2df4d082ee6613e9a9480d5f5f41b99b23f4e,509b9d0be086f1a8d8ab8b7af4965c28dc79a1db686b4fdf1a940d5b821666cf,20260924T214530147999Z,aed397a0e24e8b5024a8aa01841cc7441b1c3068ba5b438c1261d8dc359c506e,d967ca54dfbf9ebc8211c37dffabcb178678d14bade27cab977847895d249ff3,45,140,stm,default,stm_memory,0.1586226807996169,exact,1,0,"{""mc_total"": 0.2852303844622295, ""mc_k0"": 0.1266077036626126}",3.13.12,default.qubit,cpu,float64,,"{""task_generation"": 0.00025240000104531646, ""reservoir_build"": 4.00003045797348e-07, ""feature_extraction"": 2.837570300005609, ""readout_training"": 0.04300040000816807}"
2141e4d6-0891-4efb-9cc9-20a6c222b7c0,True,8ed2df4d082ee6613e9a9480d5f5f41b99b23f4e,509b9d0be086f1a8d8ab8b7af4965c28dc79a1db686b4fdf1a940d5b821666cf,20260924T214530147999Z,aed397a0e24e8b5024a8aa01841cc7441b1c3068ba5b438c1261d8dc359c506e,3bb37c1c28f047044e4ac122fa4c71e71921c54bc817f662e614393287aba54a,45,140,stm,default_w1,stm_memory,0.314147800012739,exact,1,0,"{""mc_total"": 0.8833688722265014, ""mc_k0"": 0.5692210722137624}",3.13.12,default.qubit,cpu,float64,,"{""task_generation"": 0.00025240000104531646, ""reservoir_build"": 4.00003045797348e-07, ""feature_extraction"": 2.6846843999810517, ""readout_training"": 0.03815179999219254}"
ed8336ea-a8ae-45c8-8337-fb3d8e630f77,True,8ed2df4d082ee6613e9a9480d5f5f41b99b23f4e,509b9d0be086f1a8d8ab8b7af4965c28dc79a1db686b4fdf1a940d5b821666cf,20260924T214530147999Z,aed397a0e24e8b5024a8aa01841cc7441b1c3068ba5b438c1261d8dc359c506e,8d68b8fea4d8517a79bf44bc34af640a9fb90360842917d2aab08936d16cb632,46,141,stm,default,stm_memory,0.09342897387834988,exact,1,0,"{""mc_total"": 0.1752068624013625, ""mc_k0"": 0.08177788852301261}",3.13.12,default.qubit,cpu,float64,,"{""task_generation"": 0.00017970000044442713, ""reservoir_build"": 3.00002284348011e-07, ""feature_extraction"": 2.8203470000007655, ""readout_training"": 0.04140049999114126}"
983180d6-10ef-45a9-9c53-6ceaf6cb1036,True,8ed2df4d082ee6613e9a9480d5f5f41b99b23f4e,509b9d0be086f1a8d8ab8b7af4965c28dc79a1db686b4fdf1a940d5b821666cf,20260924T214530147999Z,aed397a0e24e8b5024a8aa01841cc7441b1c3068ba5b438c1261d8dc359c506e,a7cd34ae3328d561959d5ed8ab1806d37e6721741c8fab2075a5533441d18daa,46,141,stm,default_w1,stm_memory,0.12472687763034669,exact,1,0,"{""mc_total"": 0.740439067900364, ""mc_k0"": 0.6157121902700172}",3.13.12,default.qubit,cpu,float64,,"{""task_generation"": 0.00017970000044442713, ""reservoir_build"": 3.00002284348011e-07, ""feature_extraction"": 2.6405591999937315, ""readout_training"": 0.04214579999097623}"
72cb6cd8-031d-44f1-83ac-dcb4eb41760c,True,8ed2df4d082ee6613e9a9480d5f5f41b99b23f4e,509b9d0be086f1a8d8ab8b7af4965c28dc79a1db686b4fdf1a940d5b821666cf,20260924T214530147999Z,aed397a0e24e8b5024a8aa01841cc7441b1c3068ba5b438c1261d8dc359c506e,62d5fe7e918e82447992792b02578d4b4d95cf9d993c0057d276bd206be13c7e,47,142,stm,default,stm_memory,0.13427296663613852,exact,1,0,"{""mc_total"": 0.2020054989049016, ""mc_k0"": 0.06773253226876308}",3.13.12,default.qubit,cpu,float64,,"{""task_generation"": 0.00018159998580813408, ""reservoir_build"": 7.00005330145359e-07, ""feature_extraction"": 2.925937599997269, ""readout_training"": 0.04480480001075193}"
b2fe2d16-9593-4886-b05a-bf13f5c88992,True,8ed2df4d082ee6613e9a9480d5f5f41b99b23f4e,509b9d0be086f1a8d8ab8b7af4965c28dc79a1db686b4fdf1a940d5b821666cf,20260924T214530147999Z,aed397a0e24e8b5024a8aa01841cc7441b1c3068ba5b438c1261d8dc359c506e,09194dc3a1d6b4258ad11e4a15df8daa80ca034a1f918005eeed1abc71c36972,47,142,stm,default_w1,stm_memory,0.08945037453880805,exact,1,0,"{""mc_total"": 0.27510620079815834, ""mc_k0"": 0.1856558262593503}",3.13.12,default.qubit,cpu,float64,,"{""task_generation"": 0.00018159998580813408, ""reservoir_build"": 7.00005330145359e-07, ""feature_extraction"": 2.715984299982665, ""readout_training"": 0.05114639998646453}"
70e5576c-8ac0-479c-953c-17a981675509,True,8ed2df4d082ee6613e9a9480d5f5f41b99b23f4e,509b9d0be086f1a8d8ab8b7af4965c28dc79a1db686b4fdf1a940d5b821666cf,20260924T214530147999Z,aed397a0e24e8b5024a8aa01841cc7441b1c3068ba5b438c1261d8dc359c506e,948220088b5b4e4db71ec6aa7f5e18b154618ca965190b47b8005d77c2a8afd9,48,143,stm,default,stm_memory,0.20544107677358645,exact,1,0,"{""mc_total"": 0.3090457298174292, ""mc_k0"": 0.10360465304384278}",3.13.12,default.qubit,cpu,float64,,"{""task_generation"": 0.00020749997929669917, ""reservoir_build"": 4.00003045797348e-07, ""feature_extraction"": 2.838941399997566, ""readout_training"": 0.03794120001839474}"
359a80ff-7d4a-4040-85f1-17e8799ff779,True,8ed2df4d082ee6613e9a9480d5f5f41b99b23f4e,509b9d0be086f1a8d8ab8b7af4965c28dc79a1db686b4fdf1a940d5b821666cf,20260924T214530147999Z,aed397a0e24e8b5024a8aa01841cc7441b1c3068ba5b438c1261d8dc359c506e,f2fc83f668265fdd1930a34773a634660e104e9c1365a8517013abf721bd689b,48,143,stm,default_w1,stm_memory,0.16687465023017012,exact,1,0,"{""mc_total"": 0.23963145146406872, ""mc_k0"": 0.0727568012338986}",3.13.12,default.qubit,cpu,float64,,"{""task_generation"": 0.00020749997929669917, ""reservoir_build"": 4.00003045797348e-07, ""feature_extraction"": 2.7076150000211783, ""readout_training"": 0.05351299999165349}"
36f04bd2-b7f0-4ecd-87d7-9535b5bb4338,True,8ed2df4d082ee6613e9a9480d5f5f41b99b23f4e,509b9d0be086f1a8d8ab8b7af4965c28dc79a1db686b4fdf1a940d5b821666cf,20260924T214530147999Z,aed397a0e24e8b5024a8aa01841cc7441b1c3068ba5b438c1261d8dc359c506e,6c1220a63e70224138bab02ae014b738c7d2a96a43864d71345a4937cc299b52,49,144,stm,default,stm_memory,0.13380063768405598,exact,1,0,"{""mc_total"": 0.17478051185962717, ""mc_k0"": 0.040979874175571196}",3.13.12,default.qubit,cpu,float64,,"{""task_generation"": 0.00034649998997338116, ""reservoir_build"": 4.00003045797348e-07, ""feature_extraction"": 2.825635899993358, ""readout_training"": 0.04045840000617318}"
3ce0e640-19c7-4c59-b7c9-d0a6fc432cc6,True,8ed2df4d082ee6613e9a9480d5f5f41b99b23f4e,509b9d0be086f1a8d8ab8b7af4965c28dc79a1db686b4fdf1a940d5b821666cf,20260924T214530147999Z,aed397a0e24e8b5024a8aa01841cc7441b1c3068ba5b438c1261d8dc359c506e,12e2838e5ef642e599a81f9c4a2f8a0d5dc6e544f3e8c92df715f0bd51f32c7b,49,144,stm,default_w1,stm_memory,0.23237663665946381,exact,1,0,"{""mc_total"": 0.7973191718587147, ""mc_k0"": 0.5649425351992509}",3.13.12,default.qubit,cpu,float64,,"{""task_generation"": 0.00034649998997338116, ""reservoir_build"": 4.00003045797348e-07, ""feature_extraction"": 2.7556444999936502, ""readout_training"": 0.046659199986606836}"
fcae4e4c-4e02-4708-b2aa-fc8caddd18ae,True,8ed2df4d082ee6613e9a9480d5f5f41b99b23f4e,509b9d0be086f1a8d8ab8b7af4965c28dc79a1db686b4fdf1a940d5b821666cf,20260924T214530147999Z,aed397a0e24e8b5024a8aa01841cc7441b1c3068ba5b438c1261d8dc359c506e,4749d69cd989b35c72d20f72aced3a2bdac7eb4ca1150442ee33038ebf92fd15,50,145,stm,default,stm_memory,0.12808995353622404,exact,1,0,"{""mc_total"": 0.13190687262972825, ""mc_k0"": 0.0038169190935042063}",3.13.12,default.qubit,cpu,float64,,"{""task_generation"": 0.00022299998090602458, ""reservoir_build"": 5.00003807246685e-07, ""feature_extraction"": 2.8709602000017185, ""readout_training"": 0.038046899979235604}"
5164b867-a02e-40cd-9a78-e584cddf5989,True,8ed2df4d082ee6613e9a9480d5f5f41b99b23f4e,509b9d0be086f1a8d8ab8b7af4965c28dc79a1db686b4fdf1a940d5b821666cf,20260924T214530147999Z,aed397a0e24e8b5024a8aa01841cc7441b1c3068ba5b438c1261d8dc359c506e,f35e207f4216253329c121aeafed605ddf2cc6ab1e6ca61ce09f3962be1baa7d,50,145,stm,default_w1,stm_memory,0.11065038325141592,exact,1,0,"{""mc_total"": 0.12113886862009852, ""mc_k0"": 0.010488485368682604}",3.13.12,default.qubit,cpu,float64,,"{""task_generation"": 0.00022299998090602458, ""reservoir_build"": 5.00003807246685e-07, ""feature_extraction"": 2.7560803999949712, ""readout_training"": 0.03772640001261607}"
aea77061-a026-483b-be06-ffe22386b538,True,8ed2df4d082ee6613e9a9480d5f5f41b99b23f4e,509b9d0be086f1a8d8ab8b7af4965c28dc79a1db686b4fdf1a940d5b821666cf,20260924T214530147999Z,aed397a0e24e8b5024a8aa01841cc7441b1c3068ba5b438c1261d8dc359c506e,02a8f5cf050581fba93fafcec0d3252c181f820f7bab8a5b3ff65ebe95c32c2d,51,146,stm,default,stm_memory,0.21746171589398952,exact,1,0,"{""mc_total"": 0.2288786850846312, ""mc_k0"": 0.011416969190641668}",3.13.12,default.qubit,cpu,float64,,"{""task_generation"": 0.00020750000840052962, ""reservoir_build"": 2.999731805175543e-07, ""feature_extraction"": 2.394483099982608, ""readout_training"": 0.033138200000394136}"
f611313e-a704-4f1e-8986-b89d3fe5a459,True,8ed2df4d082ee6613e9a9480d5f5f41b99b23f4e,509b9d0be086f1a8d8ab8b7af4965c28dc79a1db686b4fdf1a940d5b821666cf,20260924T214530147999Z,aed397a0e24e8b5024a8aa01841cc7441b1c3068ba5b438c1261d8dc359c506e,3bfd6124467896dd7863b9961106514c661797e9d6cb5dbdcf86675565dffef7,51,146,stm,default_w1,stm_memory,0.09913467746937697,exact,1,0,"{""mc_total"": 0.6889867812822787, ""mc_k0"": 0.5898521038129018}",3.13.12,default.qubit,cpu,float64,,"{""task_generation"": 0.00020750000840052962, ""reservoir_build"": 2.999731805175543e-07, ""feature_extraction"": 2.7031277999922168, ""readout_training"": 0.03865609999047592}"
d96e6195-513a-4d60-a17f-e2694c0148ac,True,8ed2df4d082ee6613e9a9480d5f5f41b99b23f4e,509b9d0be086f1a8d8ab8b7af4965c28dc79a1db686b4fdf1a940d5b821666cf,20260924T214530147999Z,aed397a0e24e8b5024a8aa01841cc7441b1c3068ba5b438c1261d8dc359c506e,6131c1053e4ac778581b060ea2ccb1eb3b08ac65ec57371d4652ff688c66c086,52,147,stm,default,stm_memory,0.10554308584169568,exact,1,0,"{""mc_total"": 0.24108945419402916, ""mc_k0"": 0.13554636835233347}",3.13.12,default.qubit,cpu,float64,,"{""task_generation"": 0.00015990002430044115, ""reservoir_build"": 5.00003807246685e-07, ""feature_extraction"": 2.772654300002614, ""readout_training"": 0.04135889999452047}"
5d96555d-70ed-4d37-bc53-8f24b649250a,True,8ed2df4d082ee6613e9a9480d5f5f41b99b23f4e,509b9d0be086f1a8d8ab8b7af4965c28dc79a1db686b4fdf1a940d5b821666cf,20260924T214530147999Z,aed397a0e24e8b5024a8aa01841cc7441b1c3068ba5b438c1261d8dc359c506e,f4ad13050cb75778b16c50df1df77989950c9bf2e18881d6c73fc6aac4fe5968,52,147,stm,default_w1,stm_memory,0.10514392863338139,exact,1,0,"{""mc_total"": 0.5381682658866778, ""mc_k0"": 0.43302433725329637}",3.13.12,default.qubit,cpu,float64,,"{""task_generation"": 0.00015990002430044115, ""reservoir_build"": 5.00003807246685e-07, ""feature_extraction"": 2.6814401000156067, ""readout_training"": 0.048367899988079444}"
4908aeb8-c710-45ce-acf0-1a7a4c4e1778,True,8ed2df4d082ee6613e9a9480d5f5f41b99b23f4e,509b9d0be086f1a8d8ab8b7af4965c28dc79a1db686b4fdf1a940d5b821666cf,20260924T214530147999Z,aed397a0e24e8b5024a8aa01841cc7441b1c3068ba5b438c1261d8dc359c506e,0b1a91436ad6479835e7ed2594af098292d314b01334c8864aa52f0081a2e58e,53,148,stm,default,stm_memory,0.23269298783086956,exact,1,0,"{""mc_total"": 0.25636515120625203, ""mc_k0"": 0.02367216337538247}",3.13.12,default.qubit,cpu,float64,,"{""task_generation"": 0.00022170000011101365, ""reservoir_build"": 5.00003807246685e-07, ""feature_extraction"": 2.8550276000169106, ""readout_training"": 0.038051400013500825}"
37997ee2-ad59-47fd-b4cf-425a173d0f9e,True,8ed2df4d082ee6613e9a9480d5f5f41b99b23f4e,509b9d0be086f1a8d8ab8b7af4965c28dc79a1db686b4fdf1a940d5b821666cf,20260924T214530147999Z,aed397a0e24e8b5024a8aa01841cc7441b1c3068ba5b438c1261d8dc359c506e,6c71698eb882a8f68adc6c1ccce4aa4a64dd71afe2a70b580238775b45625dda,53,148,stm,default_w1,stm_memory,0.18123107539247912,exact,1,0,"{""mc_total"": 0.7887310699260004, ""mc_k0"": 0.6074999945335213}",3.13.12,default.qubit,cpu,float64,,"{""task_generation"": 0.00022170000011101365, ""reservoir_build"": 5.00003807246685e-07, ""feature_extraction"": 2.7234239999961574, ""readout_training"": 0.041104900010395795}"
b8024ff1-0bfd-4c70-b9e7-b7b82dc22cb8,True,8ed2df4d082ee6613e9a9480d5f5f41b99b23f4e,509b9d0be086f1a8d8ab8b7af4965c28dc79a1db686b4fdf1a940d5b821666cf,20260924T214530147999Z,b4f56d80b6f9366ef11a9c0ef4a8f5626aaab70d9fc197ac6f9bfe2e99bb6d1c,f6aa38330577b7c164991476a45e52a332cea6ddcb24eddc7324532bf6e6bbd8,42,137,parity,default,accuracy,0.5066666666666667,exact,1,0,{},3.13.12,default.qubit,cpu,float64,,"{""task_generation"": 0.002976000017952174, ""reservoir_build"": 8.00006091594696e-07, ""feature_extraction"": 0.026405700016766787, ""readout_training"": 0.037335600005462766}"
c001ca7d-52e3-4ff8-9c0d-9e7e34076e15,True,8ed2df4d082ee6613e9a9480d5f5f41b99b23f4e,509b9d0be086f1a8d8ab8b7af4965c28dc79a1db686b4fdf1a940d5b821666cf,20260924T214530147999Z,b4f56d80b6f9366ef11a9c0ef4a8f5626aaab70d9fc197ac6f9bfe2e99bb6d1c,33791d1f8c3f3e9c4603a0314408191900fdde129fcd1a7c5471c366ecb4f734,42,137,parity,default_w1,accuracy,0.54,exact,1,0,{},3.13.12,default.qubit,cpu,float64,,"{""task_generation"": 0.002976000017952174, ""reservoir_build"": 8.00006091594696e-07, ""feature_extraction"": 0.010709399997722358, ""readout_training"": 0.042364399996586144}"
0f9b5fe8-17e3-4385-925d-8ec5027d6532,True,8ed2df4d082ee6613e9a9480d5f5f41b99b23f4e,509b9d0be086f1a8d8ab8b7af4965c28dc79a1db686b4fdf1a940d5b821666cf,20260924T214530147999Z,b4f56d80b6f9366ef11a9c0ef4a8f5626aaab70d9fc197ac6f9bfe2e99bb6d1c,62ad6dacbc92e102a6184444ac8a06accb2e16c32148e4257833c3113f055232,43,138,parity,default,accuracy,0.43333333333333335,exact,1,0,{},3.13.12,default.qubit,cpu,float64,,"{""task_generation"": 0.0007855999865569174, ""reservoir_build"": 6.00004568696022e-07, ""feature_extraction"": 0.027939099993091077, ""readout_training"": 0.041318400006275624}"
1ad27eaa-5cd1-437c-91bb-987864fce24e,True,8ed2df4d082ee6613e9a9480d5f5f41b99b23f4e,509b9d0be086f1a8d8ab8b7af4965c28dc79a1db686b4fdf1a940d5b821666cf,20260924T214530147999Z,b4f56d80b6f9366ef11a9c0ef4a8f5626aaab70d9fc197ac6f9bfe2e99bb6d1c,f902594bd3144e1191dcf26d29ee24fb7b4bae550689f18c55cb4d0470ff08e3,43,138,parity,default_w1,accuracy,0.43333333333333335,exact,1,0,{},3.13.12,default.qubit,cpu,float64,,"{""task_generation"": 0.0007855999865569174, ""reservoir_build"": 6.00004568696022e-07, ""feature_extraction"": 0.015607100009219721, ""readout_training"": 0.0391020999813918}"
3c4b6fda-2021-4f42-8f4c-4afc9ea7d614,True,8ed2df4d082ee6613e9a9480d5f5f41b99b23f4e,509b9d0be086f1a8d8ab8b7af4965c28dc79a1db686b4fdf1a940d5b821666cf,20260924T214530147999Z,b4f56d80b6f9366ef11a9c0ef4a8f5626aaab70d9fc197ac6f9bfe2e99bb6d1c,2656a389c308bb28813f1c7af03e75178010c4421b72b411af6a2abdc581f342,44,139,parity,default,accuracy,0.49333333333333335,exact,1,0,{},3.13.12,default.qubit,cpu,float64,,"{""task_generation"": 0.0011245000059716403, ""reservoir_build"": 5.999754648655653e-07, ""feature_extraction"": 0.035157600010279566, ""readout_training"": 0.03994129999773577}"
e3165451-02d5-4973-a0c3-18524aa1e239,True,8ed2df4d082ee6613e9a9480d5f5f41b99b23f4e,509b9d0be086f1a8d8ab8b7af4965c28dc79a1db686b4fdf1a940d5b821666cf,20260924T214530147999Z,b4f56d80b6f9366ef11a9c0ef4a8f5626aaab70d9fc197ac6f9bfe2e99bb6d1c,d98124c27d8962a9ebde3164b47824403f27ab82414928f34dd3a400ab5e47e5,44,139,parity,default_w1,accuracy,0.49333333333333335,exact,1,0,{},3.13.12,default.qubit,cpu,float64,,"{""task_generation"": 0.0011245000059716403, ""reservoir_build"": 5.999754648655653e-07, ""feature_extraction"": 0.012559000024339184, ""readout_training"": 0.044217899994691834}"
48f148fd-a3dd-4694-9f80-51dee681a089,True,8ed2df4d082ee6613e9a9480d5f5f41b99b23f4e,509b9d0be086f1a8d8ab8b7af4965c28dc79a1db686b4fdf1a940d5b821666cf,20260924T214530147999Z,b4f56d80b6f9366ef11a9c0ef4a8f5626aaab70d9fc197ac6f9bfe2e99bb6d1c,d967ca54dfbf9ebc8211c37dffabcb178678d14bade27cab977847895d249ff3,45,140,parity,default,accuracy,0.49333333333333335,exact,1,0,{},3.13.12,default.qubit,cpu,float64,,"{""task_generation"": 0.0008067000017035753, ""reservoir_build"": 5.00003807246685e-07, ""feature_extraction"": 0.019629299989901483, ""readout_training"": 0.04246769999735989}"
6e7aeb40-ebaf-416b-818c-3c9762e9098c,True,8ed2df4d082ee6613e9a9480d5f5f41b99b23f4e,509b9d0be086f1a8d8ab8b7af4965c28dc79a1db686b4fdf1a940d5b821666cf,20260924T214530147999Z,b4f56d80b6f9366ef11a9c0ef4a8f5626aaab70d9fc197ac6f9bfe2e99bb6d1c,3bb37c1c28f047044e4ac122fa4c71e71921c54bc817f662e614393287aba54a,45,140,parity,default_w1,accuracy,0.4866666666666667,exact,1,0,{},3.13.12,default.qubit,cpu,float64,,"{""task_generation"": 0.0008067000017035753, ""reservoir_build"": 5.00003807246685e-07, ""feature_extraction"": 0.013169799989555031, ""readout_training"": 0.06439059998956509}"
7b5a51e4-2dc4-4898-a356-0c099a9cbf6d,True,8ed2df4d082ee6613e9a9480d5f5f41b99b23f4e,509b9d0be086f1a8d8ab8b7af4965c28dc79a1db686b4fdf1a940d5b821666cf,20260924T214530147999Z,b4f56d80b6f9366ef11a9c0ef4a8f5626aaab70d9fc197ac6f9bfe2e99bb6d1c,8d68b8fea4d8517a79bf44bc34af640a9fb90360842917d2aab08936d16cb632,46,141,parity,default,accuracy,0.5133333333333333,exact,1,0,{},3.13.12,default.qubit,cpu,float64,,"{""task_generation"": 0.0009512000251561403, ""reservoir_build"": 8.00006091594696e-07, ""feature_extraction"": 0.024753899982897565, ""readout_training"": 0.05815689999144524}"
f2194d32-06f4-4787-b88d-32b59f3f621f,True,8ed2df4d082ee6613e9a9480d5f5f41b99b23f4e,509b9d0be086f1a8d8ab8b7af4965c28dc79a1db686b4fdf1a940d5b821666cf,20260924T214530147999Z,b4f56d80b6f9366ef11a9c0ef4a8f5626aaab70d9fc197ac6f9bfe2e99bb6d1c,a7cd34ae3328d561959d5ed8ab1806d37e6721741c8fab2075a5533441d18daa,46,141,parity,default_w1,accuracy,0.49333333333333335,exact,1,0,{},3.13.12,default.qubit,cpu,float64,,"{""task_generation"": 0.0009512000251561403, ""reservoir_build"": 8.00006091594696e-07, ""feature_extraction"": 0.009321599995018914, ""readout_training"": 0.04756270002690144}"
0c1a6995-e441-4f83-a830-d5e08984ca5d,True,8ed2df4d082ee6613e9a9480d5f5f41b99b23f4e,509b9d0be086f1a8d8ab8b7af4965c28dc79a1db686b4fdf1a940d5b821666cf,20260924T214530147999Z,b4f56d80b6f9366ef11a9c0ef4a8f5626aaab70d9fc197ac6f9bfe2e99bb6d1c,62d5fe7e918e82447992792b02578d4b4d95cf9d993c0057d276bd206be13c7e,47,142,parity,default,accuracy,0.5466666666666666,exact,1,0,{},3.13.12,default.qubit,cpu,float64,,"{""task_generation"": 0.000757400004658848, ""reservoir_build"": 6.00004568696022e-07, ""feature_extraction"": 0.02015739999478683, ""readout_training"": 0.05012530001113191}"
9d5a18fe-f51e-4768-9009-1a8b752456fa,True,8ed2df4d082ee6613e9a9480d5f5f41b99b23f4e,509b9d0be086f1a8d8ab8b7af4965c28dc79a1db686b4fdf1a940d5b821666cf,20260924T214530147999Z,b4f56d80b6f9366ef11a9c0ef4a8f5626aaab70d9fc197ac6f9bfe2e99bb6d1c,09194dc3a1d6b4258ad11e4a15df8daa80ca034a1f918005eeed1abc71c36972,47,142,parity,default_w1,accuracy,0.47333333333333333,exact,1,0,{},3.13.12,default.qubit,cpu,float64,,"{""task_generation"": 0.000757400004658848, ""reservoir_build"": 6.00004568696022e-07, ""feature_extraction"": 0.013186600001063198, ""readout_training"": 0.04046270000981167}"
4953ecef-01ea-427c-9bdc-2c6325f24e87,True,8ed2df4d082ee6613e9a9480d5f5f41b99b23f4e,509b9d0be086f1a8d8ab8b7af4965c28dc79a1db686b4fdf1a940d5b821666cf,20260924T214530147999Z,b4f56d80b6f9366ef11a9c0ef4a8f5626aaab70d9fc197ac6f9bfe2e99bb6d1c,948220088b5b4e4db71ec6aa7f5e18b154618ca965190b47b8005d77c2a8afd9,48,143,parity,default,accuracy,0.4533333333333333,exact,1,0,{},3.13.12,default.qubit,cpu,float64,,"{""task_generation"": 0.0008133999945130199, ""reservoir_build"": 4.999747034162283e-07, ""feature_extraction"": 0.0192119000130333, ""readout_training"": 0.036374199989950284}"
dd9fb093-e196-4f2f-b16b-0d6c5e5816a4,True,8ed2df4d082ee6613e9a9480d5f5f41b99b23f4e,509b9d0be086f1a8d8ab8b7af4965c28dc79a1db686b4fdf1a940d5b821666cf,20260924T214530147999Z,b4f56d80b6f9366ef11a9c0ef4a8f5626aaab70d9fc197ac6f9bfe2e99bb6d1c,f2fc83f668265fdd1930a34773a634660e104e9c1365a8517013abf721bd689b,48,143,parity,default_w1,accuracy,0.4533333333333333,exact,1,0,{},3.13.12,default.qubit,cpu,float64,,"{""task_generation"": 0.0008133999945130199, ""reservoir_build"": 4.999747034162283e-07, ""feature_extraction"": 0.011832299991510808, ""readout_training"": 0.03382529999362305}"
fd0619c0-56fa-4ea7-8cc6-576ebd957815,True,8ed2df4d082ee6613e9a9480d5f5f41b99b23f4e,509b9d0be086f1a8d8ab8b7af4965c28dc79a1db686b4fdf1a940d5b821666cf,20260924T214530147999Z,b4f56d80b6f9366ef11a9c0ef4a8f5626aaab70d9fc197ac6f9bfe2e99bb6d1c,6c1220a63e70224138bab02ae014b738c7d2a96a43864d71345a4937cc299b52,49,144,parity,default,accuracy,0.47333333333333333,exact,1,0,{},3.13.12,default.qubit,cpu,float64,,"{""task_generation"": 0.0013160999806132168, ""reservoir_build"": 7.00005330145359e-07, ""feature_extraction"": 0.02708530001109466, ""readout_training"": 0.03972040000371635}"
a57a939a-3b02-4c43-8379-27d26e557739,True,8ed2df4d082ee6613e9a9480d5f5f41b99b23f4e,509b9d0be086f1a8d8ab8b7af4965c28dc79a1db686b4fdf1a940d5b821666cf,20260924T214530147999Z,b4f56d80b6f9366ef11a9c0ef4a8f5626aaab70d9fc197ac6f9bfe2e99bb6d1c,12e2838e5ef642e599a81f9c4a2f8a0d5dc6e544f3e8c92df715f0bd51f32c7b,49,144,parity,default_w1,accuracy,0.47333333333333333,exact,1,0,{},3.13.12,default.qubit,cpu,float64,,"{""task_generation"": 0.0013160999806132168, ""reservoir_build"": 7.00005330145359e-07, ""feature_extraction"": 0.010896399995544925, ""readout_training"": 0.038347599998814985}"
508040af-f876-4182-b222-01c18b12a408,True,8ed2df4d082ee6613e9a9480d5f5f41b99b23f4e,509b9d0be086f1a8d8ab8b7af4965c28dc79a1db686b4fdf1a940d5b821666cf,20260924T214530147999Z,b4f56d80b6f9366ef11a9c0ef4a8f5626aaab70d9fc197ac6f9bfe2e99bb6d1c,4749d69cd989b35c72d20f72aced3a2bdac7eb4ca1150442ee33038ebf92fd15,50,145,parity,default,accuracy,0.54,exact,1,0,{},3.13.12,default.qubit,cpu,float64,,"{""task_generation"": 0.0006774999783374369, ""reservoir_build"": 4.00003045797348e-07, ""feature_extraction"": 0.02147170001990162, ""readout_training"": 0.04524410000885837}"
08745c22-e04e-45a5-bc12-88d2f7d61aa9,True,8ed2df4d082ee6613e9a9480d5f5f41b99b23f4e,509b9d0be086f1a8d8ab8b7af4965c28dc79a1db686b4fdf1a940d5b821666cf,20260924T214530147999Z,b4f56d80b6f9366ef11a9c0ef4a8f5626aaab70d9fc197ac6f9bfe2e99bb6d1c,f35e207f4216253329c121aeafed605ddf2cc6ab1e6ca61ce09f3962be1baa7d,50,145,parity,default_w1,accuracy,0.54,exact,1,0,{},3.13.12,default.qubit,cpu,float64,,"{""task_generation"": 0.0006774999783374369, ""reservoir_build"": 4.00003045797348e-07, ""feature_extraction"": 0.01136979999137111, ""readout_training"": 0.04467649999423884}"
d09f2025-8c71-441b-bfce-64b18363e457,True,8ed2df4d082ee6613e9a9480d5f5f41b99b23f4e,509b9d0be086f1a8d8ab8b7af4965c28dc79a1db686b4fdf1a940d5b821666cf,20260924T214530147999Z,b4f56d80b6f9366ef11a9c0ef4a8f5626aaab70d9fc197ac6f9bfe2e99bb6d1c,02a8f5cf050581fba93fafcec0d3252c181f820f7bab8a5b3ff65ebe95c32c2d,51,146,parity,default,accuracy,0.49333333333333335,exact,1,0,{},3.13.12,default.qubit,cpu,float64,,"{""task_generation"": 0.0014843999815639108, ""reservoir_build"": 6.00004568696022e-07, ""feature_extraction"": 0.020441100001335144, ""readout_training"": 0.05461229998036288}"
7f62dc4b-fbcc-4ea7-bc3d-6856fa773d39,True,8ed2df4d082ee6613e9a9480d5f5f41b99b23f4e,509b9d0be086f1a8d8ab8b7af4965c28dc79a1db686b4fdf1a940d5b821666cf,20260924T214530147999Z,b4f56d80b6f9366ef11a9c0ef4a8f5626aaab70d9fc197ac6f9bfe2e99bb6d1c,3bfd6124467896dd7863b9961106514c661797e9d6cb5dbdcf86675565dffef7,51,146,parity,default_w1,accuracy,0.54,exact,1,0,{},3.13.12,default.qubit,cpu,float64,,"{""task_generation"": 0.0014843999815639108, ""reservoir_build"": 6.00004568696022e-07, ""feature_extraction"": 0.016597899986663833, ""readout_training"": 0.04237260000081733}"
23f39c3b-2cf1-4ea5-b445-ec6d17d6d520,True,8ed2df4d082ee6613e9a9480d5f5f41b99b23f4e,509b9d0be086f1a8d8ab8b7af4965c28dc79a1db686b4fdf1a940d5b821666cf,20260924T214530147999Z,b4f56d80b6f9366ef11a9c0ef4a8f5626aaab70d9fc197ac6f9bfe2e99bb6d1c,6131c1053e4ac778581b060ea2ccb1eb3b08ac65ec57371d4652ff688c66c086,52,147,parity,default,accuracy,0.48,exact,1,0,{},3.13.12,default.qubit,cpu,float64,,"{""task_generation"": 0.0009957000147551298, ""reservoir_build"": 3.999739419668913e-07, ""feature_extraction"": 0.021252800012007356, ""readout_training"": 0.06869440001901239}"
169fa5cb-72dd-4dd0-be14-0fa74e5e1a71,True,8ed2df4d082ee6613e9a9480d5f5f41b99b23f4e,509b9d0be086f1a8d8ab8b7af4965c28dc79a1db686b4fdf1a940d5b821666cf,20260924T214530147999Z,b4f56d80b6f9366ef11a9c0ef4a8f5626aaab70d9fc197ac6f9bfe2e99bb6d1c,f4ad13050cb75778b16c50df1df77989950c9bf2e18881d6c73fc6aac4fe5968,52,147,parity,default_w1,accuracy,0.44666666666666666,exact,1,0,{},3.13.12,default.qubit,cpu,float64,,"{""task_generation"": 0.0009957000147551298, ""reservoir_build"": 3.999739419668913e-07, ""feature_extraction"": 0.011105099983979017, ""readout_training"": 0.04535780000151135}"
3dca82b1-f62d-4661-a8f9-bd255def0d52,True,8ed2df4d082ee6613e9a9480d5f5f41b99b23f4e,509b9d0be086f1a8d8ab8b7af4965c28dc79a1db686b4fdf1a940d5b821666cf,20260924T214530147999Z,b4f56d80b6f9366ef11a9c0ef4a8f5626aaab70d9fc197ac6f9bfe2e99bb6d1c,0b1a91436ad6479835e7ed2594af098292d314b01334c8864aa52f0081a2e58e,53,148,parity,default,accuracy,0.5266666666666666,exact,1,0,{},3.13.12,default.qubit,cpu,float64,,"{""task_generation"": 0.0012883000017609447, ""reservoir_build"": 9.00006853044033e-07, ""feature_extraction"": 0.021341599989682436, ""readout_training"": 0.05087830001139082}"
7b60ba73-d1bf-4705-b0d1-a7186d53fa16,True,8ed2df4d082ee6613e9a9480d5f5f41b99b23f4e,509b9d0be086f1a8d8ab8b7af4965c28dc79a1db686b4fdf1a940d5b821666cf,20260924T214530147999Z,b4f56d80b6f9366ef11a9c0ef4a8f5626aaab70d9fc197ac6f9bfe2e99bb6d1c,6c71698eb882a8f68adc6c1ccce4aa4a64dd71afe2a70b580238775b45625dda,53,148,parity,default_w1,accuracy,0.5266666666666666,exact,1,0,{},3.13.12,default.qubit,cpu,float64,,"{""task_generation"": 0.0012883000017609447, ""reservoir_build"": 9.00006853044033e-07, ""feature_extraction"": 0.021461399999679998, ""readout_training"": 0.06566590000875294}"
d18c89d5-5601-4eb0-847a-7ea21e5d4645,True,8ed2df4d082ee6613e9a9480d5f5f41b99b23f4e,509b9d0be086f1a8d8ab8b7af4965c28dc79a1db686b4fdf1a940d5b821666cf,20260924T214530147999Z,1a3ff7e2c71effca240858f489498e7a41d067b52fb3295a452b7a45a656fb24,f6aa38330577b7c164991476a45e52a332cea6ddcb24eddc7324532bf6e6bbd8,42,137,narma,default,nrmse,0.9562441927384145,exact,1,0,{},3.13.12,default.qubit,cpu,float64,,"{""task_generation"": 0.01577480000560172, ""reservoir_build"": 7.00005330145359e-07, ""feature_extraction"": 2.692847400001483, ""readout_training"": 0.04208199999993667}"
c1cf6533-a67f-4126-a31d-792b828bd212,True,8ed2df4d082ee6613e9a9480d5f5f41b99b23f4e,509b9d0be086f1a8d8ab8b7af4965c28dc79a1db686b4fdf1a940d5b821666cf,20260924T214530147999Z,1a3ff7e2c71effca240858f489498e7a41d067b52fb3295a452b7a45a656fb24,33791d1f8c3f3e9c4603a0314408191900fdde129fcd1a7c5471c366ecb4f734,42,137,narma,default_w1,nrmse,0.9119932117730339,exact,1,0,{},3.13.12,default.qubit,cpu,float64,,"{""task_generation"": 0.01577480000560172, ""reservoir_build"": 7.00005330145359e-07, ""feature_extraction"": 2.719208599999547, ""readout_training"": 0.046603199996752664}"
7fcac7a5-c1ec-4447-a06d-fcc6bc26827d,True,8ed2df4d082ee6613e9a9480d5f5f41b99b23f4e,509b9d0be086f1a8d8ab8b7af4965c28dc79a1db686b4fdf1a940d5b821666cf,20260924T214530147999Z,1a3ff7e2c71effca240858f489498e7a41d067b52fb3295a452b7a45a656fb24,62ad6dacbc92e102a6184444ac8a06accb2e16c32148e4257833c3113f055232,43,138,narma,default,nrmse,0.899090873542452,exact,1,0,{},3.13.12,default.qubit,cpu,float64,,"{""task_generation"": 0.014805299986619502, ""reservoir_build"": 5.00003807246685e-07, ""feature_extraction"": 3.0931609000253957, ""readout_training"": 0.0433867999818176}"
1888c7db-5b57-441c-9e9b-8bb2e95e9f1d,True,8ed2df4d082ee6613e9a9480d5f5f41b99b23f4e,509b9d0be086f1a8d8ab8b7af4965c28dc79a1db686b4fdf1a940d5b821666cf,20260924T214530147999Z,1a3ff7e2c71effca240858f489498e7a41d067b52fb3295a452b7a45a656fb24,f902594bd3144e1191dcf26d29ee24fb7b4bae550689f18c55cb4d0470ff08e3,43,138,narma,default_w1,nrmse,0.9395602122003948,exact,1,0,{},3.13.12,default.qubit,cpu,float64,,"{""task_generation"": 0.014805299986619502, ""reservoir_build"": 5.00003807246685e-07, ""feature_extraction"": 2.723997099994449, ""readout_training"": 0.039516799995908514}"
98b69e0b-c59d-43ed-9c75-d46daed51413,True,8ed2df4d082ee6613e9a9480d5f5f41b99b23f4e,509b9d0be086f1a8d8ab8b7af4965c28dc79a1db686b4fdf1a940d5b821666cf,20260924T214530147999Z,1a3ff7e2c71effca240858f489498e7a41d067b52fb3295a452b7a45a656fb24,2656a389c308bb28813f1c7af03e75178010c4421b72b411af6a2abdc581f342,44,139,narma,default,nrmse,0.9687795463176624,exact,1,0,{},3.13.12,default.qubit,cpu,float64,,"{""task_generation"": 0.011884400009876117, ""reservoir_build"": 3.00002284348011e-07, ""feature_extraction"": 2.748804300004849, ""readout_training"": 0.033481999998912215}"
917934ed-148f-400f-b695-9b43c60cc7ba,True,8ed2df4d082ee6613e9a9480d5f5f41b99b23f4e,509b9d0be086f1a8d8ab8b7af4965c28dc79a1db686b4fdf1a940d5b821666cf,20260924T214530147999Z,1a3ff7e2c71effca240858f489498e7a41d067b52fb3295a452b7a45a656fb24,d98124c27d8962a9ebde3164b47824403f27ab82414928f34dd3a400ab5e47e5,44,139,narma,default_w1,nrmse,0.8786985977616234,exact,1,0,{},3.13.12,default.qubit,cpu,float64,,"{""task_generation"": 0.011884400009876117, ""reservoir_build"": 3.00002284348011e-07, ""feature_extraction"": 2.740699099987978, ""readout_training"": 0.04069709999021143}"
9af9eb7f-b1d6-4f6f-8bd9-cabcab12e1a4,True,8ed2df4d082ee6613e9a9480d5f5f41b99b23f4e,509b9d0be086f1a8d8ab8b7af4965c28dc79a1db686b4fdf1a940d5b821666cf,20260924T214530147999Z,1a3ff7e2c71effca240858f489498e7a41d067b52fb3295a452b7a45a656fb24,d967ca54dfbf9ebc8211c37dffabcb178678d14bade27cab977847895d249ff3,45,140,narma,default,nrmse,0.9042750959846407,exact,1,0,{},3.13.12,default.qubit,cpu,float64,,"{""task_generation"": 0.013113900000462309, ""reservoir_build"": 4.00003045797348e-07, ""feature_extraction"": 2.903030499990564, ""readout_training"": 0.03724119998514652}"
be706796-d7e0-4a23-bcd8-1d169e3ef74a,True,8ed2df4d082ee6613e9a9480d5f5f41b99b23f4e,509b9d0be086f1a8d8ab8b7af4965c28dc79a1db686b4fdf1a940d5b821666cf,20260924T214530147999Z,1a3ff7e2c71effca240858f489498e7a41d067b52fb3295a452b7a45a656fb24,3bb37c1c28f047044e4ac122fa4c71e71921c54bc817f662e614393287aba54a,45,140,narma,default_w1,nrmse,0.915731071782887,exact,1,0,{},3.13.12,default.qubit,cpu,float64,,"{""task_generation"": 0.013113900000462309, ""reservoir_build"": 4.00003045797348e-07, ""feature_extraction"": 2.719760599982692, ""readout_training"": 0.03857520001474768}"
2a0aa81c-1576-4080-b50e-929709791475,True,8ed2df4d082ee6613e9a9480d5f5f41b99b23f4e,509b9d0be086f1a8d8ab8b7af4965c28dc79a1db686b4fdf1a940d5b821666cf,20260924T214530147999Z,1a3ff7e2c71effca240858f489498e7a41d067b52fb3295a452b7a45a656fb24,8d68b8fea4d8517a79bf44bc34af640a9fb90360842917d2aab08936d16cb632,46,141,narma,default,nrmse,0.9269080551552918,exact,1,0,{},3.13.12,default.qubit,cpu,float64,,"{""task_generation"": 0.011043400008929893, ""reservoir_build"": 3.00002284348011e-07, ""feature_extraction"": 2.8488742999907117, ""readout_training"": 0.0422209000098519}"
69f8e53f-97c1-48be-b713-168817246dac,True,8ed2df4d082ee6613e9a9480d5f5f41b99b23f4e,509b9d0be086f1a8d8ab8b7af4965c28dc79a1db686b4fdf1a940d5b821666cf,20260924T214530147999Z,1a3ff7e2c71effca240858f489498e7a41d067b52fb3295a452b7a45a656fb24,a7cd34ae3328d561959d5ed8ab1806d37e6721741c8fab2075a5533441d18daa,46,141,narma,default_w1,nrmse,0.9380776204188709,exact,1,0,{},3.13.12,default.qubit,cpu,float64,,"{""task_generation"": 0.011043400008929893, ""reservoir_build"": 3.00002284348011e-07, ""feature_extraction"": 2.7863060999952722, ""readout_training"": 0.04402760000084527}"
34869719-238a-40b5-bcba-dc0342c62c32,True,8ed2df4d082ee6613e9a9480d5f5f41b99b23f4e,509b9d0be086f1a8d8ab8b7af4965c28dc79a1db686b4fdf1a940d5b821666cf,20260924T214530147999Z,1a3ff7e2c71effca240858f489498e7a41d067b52fb3295a452b7a45a656fb24,62d5fe7e918e82447992792b02578d4b4d95cf9d993c0057d276bd206be13c7e,47,142,narma,default,nrmse,0.9596643133084043,exact,1,0,{},3.13.12,default.qubit,cpu,float64,,"{""task_generation"": 0.008857700013322756, ""reservoir_build"": 7.00005330145359e-07, ""feature_extraction"": 2.854629399982514, ""readout_training"": 0.03205929999239743}"
46a388fc-e0cc-4ccd-a176-7637f1731ccc,True,8ed2df4d082ee6613e9a9480d5f5f41b99b23f4e,509b9d0be086f1a8d8ab8b7af4965c28dc79a1db686b4fdf1a940d5b821666cf,20260924T214530147999Z,1a3ff7e2c71effca240858f489498e7a41d067b52fb3295a452b7a45a656fb24,09194dc3a1d6b4258ad11e4a15df8daa80ca034a1f918005eeed1abc71c36972,47,142,narma,default_w1,nrmse,0.8904889861312331,exact,1,0,{},3.13.12,default.qubit,cpu,float64,,"{""task_generation"": 0.008857700013322756, ""reservoir_build"": 7.00005330145359e-07, ""feature_extraction"": 2.702559099998325, ""readout_training"": 0.03528289997484535}"
7fb8c8c3-d5bd-4602-b4af-4c9a85021a99,True,8ed2df4d082ee6613e9a9480d5f5f41b99b23f4e,509b9d0be086f1a8d8ab8b7af4965c28dc79a1db686b4fdf1a940d5b821666cf,20260924T214530147999Z,1a3ff7e2c71effca240858f489498e7a41d067b52fb3295a452b7a45a656fb24,948220088b5b4e4db71ec6aa7f5e18b154618ca965190b47b8005d77c2a8afd9,48,143,narma,default,nrmse,1.014478431197253,exact,1,0,{},3.13.12,default.qubit,cpu,float64,,"{""task_generation"": 0.008141099999193102, ""reservoir_build"": 3.00002284348011e-07, ""feature_extraction"": 2.883886199997505, ""readout_training"": 0.03534339999896474}"
6b1d1390-4a85-42b6-901f-2f2b6cde36dc,True,8ed2df4d082ee6613e9a9480d5f5f41b99b23f4e,509b9d0be086f1a8d8ab8b7af4965c28dc79a1db686b4fdf1a940d5b821666cf,20260924T214530147999Z,1a3ff7e2c71effca240858f489498e7a41d067b52fb3295a452b7a45a656fb24,f2fc83f668265fdd1930a34773a634660e104e9c1365a8517013abf721bd689b,48,143,narma,default_w1,nrmse,0.9650918012812544,exact,1,0,{},3.13.12,default.qubit,cpu,float64,,"{""task_generation"": 0.008141099999193102, ""reservoir_build"": 3.00002284348011e-07, ""feature_extraction"": 2.5735110999958124, ""readout_training"": 0.03590210000402294}"
a668544e-6251-4a4a-aa66-29c2605809c5,True,8ed2df4d082ee6613e9a9480d5f5f41b99b23f4e,509b9d0be086f1a8d8ab8b7af4965c28dc79a1db686b4fdf1a940d5b821666cf,20260924T214530147999Z,1a3ff7e2c71effca240858f489498e7a41d067b52fb3295a452b7a45a656fb24,6c1220a63e70224138bab02ae014b738c7d2a96a43864d71345a4937cc299b52,49,144,narma,default,nrmse,0.8911978865846851,exact,1,0,{},3.13.12,default.qubit,cpu,float64,,"{""task_generation"": 0.015065799991134554, ""reservoir_build"": 5.00003807246685e-07, ""feature_extraction"": 2.8140202999929897, ""readout_training"": 0.04490619999705814}"
4f8e5834-f7e6-479d-8864-4648607a7f78,True,8ed2df4d082ee6613e9a9480d5f5f41b99b23f4e,509b9d0be086f1a8d8ab8b7af4965c28dc79a1db686b4fdf1a940d5b821666cf,20260924T214530147999Z,1a3ff7e2c71effca240858f489498e7a41d067b52fb3295a452b7a45a656fb24,12e2838e5ef642e599a81f9c4a2f8a0d5dc6e544f3e8c92df715f0bd51f32c7b,49,144,narma,default_w1,nrmse,0.8824188057528964,exact,1,0,{},3.13.12,default.qubit,cpu,float64,,"{""task_generation"": 0.015065799991134554, ""reservoir_build"": 5.00003807246685e-07, ""feature_extraction"": 2.675848600018071, ""readout_training"": 0.03745239999261685}"
3de0f56d-4233-4071-b4a8-e4146877136d,True,8ed2df4d082ee6613e9a9480d5f5f41b99b23f4e,509b9d0be086f1a8d8ab8b7af4965c28dc79a1db686b4fdf1a940d5b821666cf,20260924T214530147999Z,1a3ff7e2c71effca240858f489498e7a41d067b52fb3295a452b7a45a656fb24,4749d69cd989b35c72d20f72aced3a2bdac7eb4ca1150442ee33038ebf92fd15,50,145,narma,default,nrmse,0.9550161979773812,exact,1,0,{},3.13.12,default.qubit,cpu,float64,,"{""task_generation"": 0.009655800007749349, ""reservoir_build"": 3.00002284348011e-07, ""feature_extraction"": 2.9160480000136886, ""readout_training"": 0.03591740000410937}"
d49abbb0-1e82-41ad-be07-690632090c6c,True,8ed2df4d082ee6613e9a9480d5f5f41b99b23f4e,509b9d0be086f1a8d8ab8b7af4965c28dc79a1db686b4fdf1a940d5b821666cf,20260924T214530147999Z,1a3ff7e2c71effca240858f489498e7a41d067b52fb3295a452b7a45a656fb24,f35e207f4216253329c121aeafed605ddf2cc6ab1e6ca61ce09f3962be1baa7d,50,145,narma,default_w1,nrmse,0.8925721540794475,exact,1,0,{},3.13.12,default.qubit,cpu,float64,,"{""task_generation"": 0.009655800007749349, ""reservoir_build"": 3.00002284348011e-07, ""feature_extraction"": 2.7328234000015073, ""readout_training"": 0.04436790000181645}"
8c8c49ff-debc-46dc-ba15-b88a6c0994b5,True,8ed2df4d082ee6613e9a9480d5f5f41b99b23f4e,509b9d0be086f1a8d8ab8b7af4965c28dc79a1db686b4fdf1a940d5b821666cf,20260924T214530147999Z,1a3ff7e2c71effca240858f489498e7a41d067b52fb3295a452b7a45a656fb24,02a8f5cf050581fba93fafcec0d3252c181f820f7bab8a5b3ff65ebe95c32c2d,51,146,narma,default,nrmse,1.2535140371613394,exact,1,0,{},3.13.12,default.qubit,cpu,float64,,"{""task_generation"": 0.008837100001983345, ""reservoir_build"": 5.999754648655653e-07, ""feature_extraction"": 2.8240147000178695, ""readout_training"": 0.03602040000259876}"
452e7e6a-516c-4951-80f1-16e22028dba5,True,8ed2df4d082ee6613e9a9480d5f5f41b99b23f4e,509b9d0be086f1a8d8ab8b7af4965c28dc79a1db686b4fdf1a940d5b821666cf,20260924T214530147999Z,1a3ff7e2c71effca240858f489498e7a41d067b52fb3295a452b7a45a656fb24,3bfd6124467896dd7863b9961106514c661797e9d6cb5dbdcf86675565dffef7,51,146,narma,default_w1,nrmse,1.2511635256823659,exact,1,0,{},3.13.12,default.qubit,cpu,float64,,"{""task_generation"": 0.008837100001983345, ""reservoir_build"": 5.999754648655653e-07, ""feature_extraction"": 2.735947600012878, ""readout_training"": 0.0344119000073988}"
998206ca-a4cf-49fd-9a25-25d298392120,True,8ed2df4d082ee6613e9a9480d5f5f41b99b23f4e,509b9d0be086f1a8d8ab8b7af4965c28dc79a1db686b4fdf1a940d5b821666cf,20260924T214530147999Z,1a3ff7e2c71effca240858f489498e7a41d067b52fb3295a452b7a45a656fb24,6131c1053e4ac778581b060ea2ccb1eb3b08ac65ec57371d4652ff688c66c086,52,147,narma,default,nrmse,0.9986513278177473,exact,1,0,{},3.13.12,default.qubit,cpu,float64,,"{""task_generation"": 0.009147700009634718, ""reservoir_build"": 6.00004568696022e-07, ""feature_extraction"": 2.8070392000081483, ""readout_training"": 0.04099649999989197}"
11e81d04-86d8-425d-bb03-74face37e9d5,True,8ed2df4d082ee6613e9a9480d5f5f41b99b23f4e,509b9d0be086f1a8d8ab8b7af4965c28dc79a1db686b4fdf1a940d5b821666cf,20260924T214530147999Z,1a3ff7e2c71effca240858f489498e7a41d067b52fb3295a452b7a45a656fb24,f4ad13050cb75778b16c50df1df77989950c9bf2e18881d6c73fc6aac4fe5968,52,147,narma,default_w1,nrmse,1.036650501190767,exact,1,0,{},3.13.12,default.qubit,cpu,float64,,"{""task_generation"": 0.009147700009634718, ""reservoir_build"": 6.00004568696022e-07, ""feature_extraction"": 2.7002034000179265, ""readout_training"": 0.0392580000043381}"
c1cea351-82cb-4502-b072-94e6b5bb8deb,True,8ed2df4d082ee6613e9a9480d5f5f41b99b23f4e,509b9d0be086f1a8d8ab8b7af4965c28dc79a1db686b4fdf1a940d5b821666cf,20260924T214530147999Z,1a3ff7e2c71effca240858f489498e7a41d067b52fb3295a452b7a45a656fb24,0b1a91436ad6479835e7ed2594af098292d314b01334c8864aa52f0081a2e58e,53,148,narma,default,nrmse,0.935735195254345,exact,1,0,{},3.13.12,default.qubit,cpu,float64,,"{""task_generation"": 0.010655499994754791, ""reservoir_build"": 8.00006091594696e-07, ""feature_extraction"": 2.799165999982506, ""readout_training"": 0.0365960999915842}"
98854377-0c77-4a3e-891f-6742be76f395,True,8ed2df4d082ee6613e9a9480d5f5f41b99b23f4e,509b9d0be086f1a8d8ab8b7af4965c28dc79a1db686b4fdf1a940d5b821666cf,20260924T214530147999Z,1a3ff7e2c71effca240858f489498e7a41d067b52fb3295a452b7a45a656fb24,6c71698eb882a8f68adc6c1ccce4aa4a64dd71afe2a70b580238775b45625dda,53,148,narma,default_w1,nrmse,0.9300800725590462,exact,1,0,{},3.13.12,default.qubit,cpu,float64,,"{""task_generation"": 0.010655499994754791, ""reservoir_build"": 8.00006091594696e-07, ""feature_extraction"": 2.7308541999955196, ""readout_training"": 0.033160699997097254}"
0e0d5105-8f20-414d-be15-cd4a5bc36092,True,8ed2df4d082ee6613e9a9480d5f5f41b99b23f4e,509b9d0be086f1a8d8ab8b7af4965c28dc79a1db686b4fdf1a940d5b821666cf,20260924T214530147999Z,aed397a0e24e8b5024a8aa01841cc7441b1c3068ba5b438c1261d8dc359c506e,0264e4bfda482e1fbe7318e945e83208269ba9a5fe2d2b694c603e1f04f23184,42,137,ablation:no_entangle,inherited,stm_memory,1.9541193208866545,exact,1,0,"{""mc_total"": 2.343402363092745, ""mc_k0"": 0.38928304220609045}",3.13.12,default.qubit,cpu,float64,,"{""task_generation"": 0.0020512999908532947, ""feature_extraction"": 1.0558152000012342, ""readout_training"": 0.0512157000193838}"
b01c327e-9122-42c0-b0ee-3dcda61e6a2a,True,8ed2df4d082ee6613e9a9480d5f5f41b99b23f4e,509b9d0be086f1a8d8ab8b7af4965c28dc79a1db686b4fdf1a940d5b821666cf,20260924T214530147999Z,aed397a0e24e8b5024a8aa01841cc7441b1c3068ba5b438c1261d8dc359c506e,3af26974773ae8d9b148e4fda0d3807c91abe015cad727c6221547da2b551d96,43,138,ablation:no_entangle,inherited,stm_memory,2.7686515289269313,exact,1,0,"{""mc_total"": 3.6435933760486554, ""mc_k0"": 0.8749418471217241}",3.13.12,default.qubit,cpu,float64,,"{""task_generation"": 0.00023219999275170267, ""feature_extraction"": 1.060144199989736, ""readout_training"": 0.046847499994328246}"
a7422e60-1a4e-401f-ab6a-7cde9873b71a,True,8ed2df4d082ee6613e9a9480d5f5f41b99b23f4e,509b9d0be086f1a8d8ab8b7af4965c28dc79a1db686b4fdf1a940d5b821666cf,20260924T214530147999Z,aed397a0e24e8b5024a8aa01841cc7441b1c3068ba5b438c1261d8dc359c506e,3865f53db209dc959f571068cde1c9d3451776a6a29a1346ccd5bbdb60c0f0ab,44,139,ablation:no_entangle,inherited,stm_memory,2.8550960611604093,exact,1,0,"{""mc_total"": 3.218027279727234, ""mc_k0"": 0.36293121856682475}",3.13.12,default.qubit,cpu,float64,,"{""task_generation"": 0.00025209999876096845, ""feature_extraction"": 1.0685600999859162, ""readout_training"": 0.04298280001967214}"
18f9479c-2ed7-4ea4-a56c-f5367abdf3c2,True,8ed2df4d082ee6613e9a9480d5f5f41b99b23f4e,509b9d0be086f1a8d8ab8b7af4965c28dc79a1db686b4fdf1a940d5b821666cf,20260924T214530147999Z,aed397a0e24e8b5024a8aa01841cc7441b1c3068ba5b438c1261d8dc359c506e,538adb902f4d46c8248440da467ab73f934dc91ed032d42030f5e516a6e63cc2,45,140,ablation:no_entangle,inherited,stm_memory,2.189043984816883,exact,1,0,"{""mc_total"": 3.104717044275377, ""mc_k0"": 0.9156730594584941}",3.13.12,default.qubit,cpu,float64,,"{""task_generation"": 0.0002041999832727015, ""feature_extraction"": 1.1443042999890167, ""readout_training"": 0.04181090000201948}"
b1b1a2dc-2337-4e06-9bcc-f091ee373aed,True,8ed2df4d082ee6613e9a9480d5f5f41b99b23f4e,509b9d0be086f1a8d8ab8b7af4965c28dc79a1db686b4fdf1a940d5b821666cf,20260924T214530147999Z,aed397a0e24e8b5024a8aa01841cc7441b1c3068ba5b438c1261d8dc359c506e,befbea044a08f6076c9891fc542ac731d176d84c7f56e9cbc2185784f2fb31a2,46,141,ablation:no_entangle,inherited,stm_memory,1.7748306092845896,exact,1,0,"{""mc_total"": 2.1021009393455694, ""mc_k0"": 0.32727033006097983}",3.13.12,default.qubit,cpu,float64,,"{""task_generation"": 0.0001753999968059361, ""feature_extraction"": 1.5785631999897305, ""readout_training"": 0.04125979999662377}"
cb3ccf52-0dba-453b-8d2f-1aaa8654c077,True,8ed2df4d082ee6613e9a9480d5f5f41b99b23f4e,509b9d0be086f1a8d8ab8b7af4965c28dc79a1db686b4fdf1a940d5b821666cf,20260924T214530147999Z,aed397a0e24e8b5024a8aa01841cc7441b1c3068ba5b438c1261d8dc359c506e,7d9cacf174cc14425a0b2a3b803ebec07d8a3d57378730f5054146329bf71d39,47,142,ablation:no_entangle,inherited,stm_memory,2.9438392626468297,exact,1,0,"{""mc_total"": 3.912139028548207, ""mc_k0"": 0.9682997659013775}",3.13.12,default.qubit,cpu,float64,,"{""task_generation"": 0.0001714999962132424, ""feature_extraction"": 1.6187955999921542, ""readout_training"": 0.04101769998669624}"
773d51af-0ce1-472d-adb1-b2b6785b0890,True,8ed2df4d082ee6613e9a9480d5f5f41b99b23f4e,509b9d0be086f1a8d8ab8b7af4965c28dc79a1db686b4fdf1a940d5b821666cf,20260924T214530147999Z,aed397a0e24e8b5024a8aa01841cc7441b1c3068ba5b438c1261d8dc359c506e,c406816db4158b780457596cb29acb0ce7a754baef0623807611ccb8e4cac2e0,48,143,ablation:no_entangle,inherited,stm_memory,2.319012001043122,exact,1,0,"{""mc_total"": 2.321229594227829, ""mc_k0"": 0.002217593184707045}",3.13.12,default.qubit,cpu,float64,,"{""task_generation"": 0.0002545999886933714, ""feature_extraction"": 2.0219696999993175, ""readout_training"": 0.040485499979695305}"
86aa9713-9ebe-4b05-8c5a-7cadbc65716e,True,8ed2df4d082ee6613e9a9480d5f5f41b99b23f4e,509b9d0be086f1a8d8ab8b7af4965c28dc79a1db686b4fdf1a940d5b821666cf,20260924T214530147999Z,aed397a0e24e8b5024a8aa01841cc7441b1c3068ba5b438c1261d8dc359c506e,1044aea8ed26b601f17ad45e14b16b3d7a983637eecf5fad0cb7cb568380cbab,49,144,ablation:no_entangle,inherited,stm_memory,1.517710272930188,exact,1,0,"{""mc_total"": 1.5641415676378754, ""mc_k0"": 0.046431294707687476}",3.13.12,default.qubit,cpu,float64,,"{""task_generation"": 0.00026020000223070383, ""feature_extraction"": 2.138795900013065, ""readout_training"": 0.046253600012278184}"
f354df63-d70a-48b2-a445-deaec1aedab3,True,8ed2df4d082ee6613e9a9480d5f5f41b99b23f4e,509b9d0be086f1a8d8ab8b7af4965c28dc79a1db686b4fdf1a940d5b821666cf,20260924T214530147999Z,aed397a0e24e8b5024a8aa01841cc7441b1c3068ba5b438c1261d8dc359c506e,06c9bcafcfb6d741899c5549b681b40dd32051dda7440a1e4ff0d48fafbb6994,50,145,ablation:no_entangle,inherited,stm_memory,3.009484049433593,exact,1,0,"{""mc_total"": 3.764155857175963, ""mc_k0"": 0.75467180774237}",3.13.12,default.qubit,cpu,float64,,"{""task_generation"": 0.00019859999883919954, ""feature_extraction"": 2.0154983999964315, ""readout_training"": 0.05213470000308007}"
ce33dd0c-09ba-43a1-a14a-745fb73bf230,True,8ed2df4d082ee6613e9a9480d5f5f41b99b23f4e,509b9d0be086f1a8d8ab8b7af4965c28dc79a1db686b4fdf1a940d5b821666cf,20260924T214530147999Z,aed397a0e24e8b5024a8aa01841cc7441b1c3068ba5b438c1261d8dc359c506e,813ca18201fca4a264d419e6723a7477394f3c9ad154762297fc12cf1df88da3,51,146,ablation:no_entangle,inherited,stm_memory,2.9079573603022157,exact,1,0,"{""mc_total"": 3.8027129899103507, ""mc_k0"": 0.8947556296081349}",3.13.12,default.qubit,cpu,float64,,"{""task_generation"": 0.00028929999098181725, ""feature_extraction"": 1.0705519000184722, ""readout_training"": 0.04725890001282096}"
4f0f1af5-c2f2-4454-bf91-ed9587b7676c,True,8ed2df4d082ee6613e9a9480d5f5f41b99b23f4e,509b9d0be086f1a8d8ab8b7af4965c28dc79a1db686b4fdf1a940d5b821666cf,20260924T214530147999Z,aed397a0e24e8b5024a8aa01841cc7441b1c3068ba5b438c1261d8dc359c506e,7270af558a8775759724f5da1da7403545d4ca06ac1ee5955181e19f0de2e587,52,147,ablation:no_entangle,inherited,stm_memory,1.8106150706836674,exact,1,0,"{""mc_total"": 2.1237432494123225, ""mc_k0"": 0.31312817872865506}",3.13.12,default.qubit,cpu,float64,,"{""task_generation"": 0.0001632999919820577, ""feature_extraction"": 1.5160962999798357, ""readout_training"": 0.04844959999900311}"
733dc352-c1a3-4e7b-9d4f-aa2655fba1bc,True,8ed2df4d082ee6613e9a9480d5f5f41b99b23f4e,509b9d0be086f1a8d8ab8b7af4965c28dc79a1db686b4fdf1a940d5b821666cf,20260924T214530147999Z,aed397a0e24e8b5024a8aa01841cc7441b1c3068ba5b438c1261d8dc359c506e,4e1bd4375e6b0b6b98456c36554c16dac2fd4e6763daaeed685d2d5c7d88bcbe,53,148,ablation:no_entangle,inherited,stm_memory,2.3952840598789655,exact,1,0,"{""mc_total"": 3.312447349824553, ""mc_k0"": 0.9171632899455875}",3.13.12,default.qubit,cpu,float64,,"{""task_generation"": 0.00016930000856518745, ""feature_extraction"": 1.092495399992913, ""readout_training"": 0.041072499996516854}"
d0c85caf-fc94-4adc-abab-d1664be361e3,True,8ed2df4d082ee6613e9a9480d5f5f41b99b23f4e,509b9d0be086f1a8d8ab8b7af4965c28dc79a1db686b4fdf1a940d5b821666cf,20260924T214530147999Z,aed397a0e24e8b5024a8aa01841cc7441b1c3068ba5b438c1261d8dc359c506e,0264e4bfda482e1fbe7318e945e83208269ba9a5fe2d2b694c603e1f04f23184,42,137,ablation:no_entangle,inherited,accuracy,0.5066666666666667,exact,1,0,{},3.13.12,default.qubit,cpu,float64,,"{""task_generation"": 0.0021265000104904175, ""feature_extraction"": 0.033711500000208616, ""readout_training"": 0.046322999987751245}"
0a20f25e-05eb-440d-87b2-40b0c790561a,True,8ed2df4d082ee6613e9a9480d5f5f41b99b23f4e,509b9d0be086f1a8d8ab8b7af4965c28dc79a1db686b4fdf1a940d5b821666cf,20260924T214530147999Z,aed397a0e24e8b5024a8aa01841cc7441b1c3068ba5b438c1261d8dc359c506e,3af26974773ae8d9b148e4fda0d3807c91abe015cad727c6221547da2b551d96,43,138,ablation:no_entangle,inherited,accuracy,0.43333333333333335,exact,1,0,{},3.13.12,default.qubit,cpu,float64,,"{""task_generation"": 0.0007959000067785382, ""feature_extraction"": 0.032658400014042854, ""readout_training"": 0.036498800007393584}"
3344c8a6-5390-4f70-9d72-1a844ad15c20,True,8ed2df4d082ee6613e9a9480d5f5f41b99b23f4e,509b9d0be086f1a8d8ab8b7af4965c28dc79a1db686b4fdf1a940d5b821666cf,20260924T214530147999Z,aed397a0e24e8b5024a8aa01841cc7441b1c3068ba5b438c1261d8dc359c506e,3865f53db209dc959f571068cde1c9d3451776a6a29a1346ccd5bbdb60c0f0ab,44,139,ablation:no_entangle,inherited,accuracy,0.49333333333333335,exact,1,0,{},3.13.12,default.qubit,cpu,float64,,"{""task_generation"": 0.0006870999932289124, ""feature_extraction"": 0.03403650000109337, ""readout_training"": 0.04924289998598397}"
9ce02030-fd37-40f3-be6b-45089dc964ea,True,8ed2df4d082ee6613e9a9480d5f5f41b99b23f4e,509b9d0be086f1a8d8ab8b7af4965c28dc79a1db686b4fdf1a940d5b821666cf,20260924T214530147999Z,aed397a0e24e8b5024a8aa01841cc7441b1c3068ba5b438c1261d8dc359c506e,538adb902f4d46c8248440da467ab73f934dc91ed032d42030f5e516a6e63cc2,45,140,ablation:no_entangle,inherited,accuracy,0.44,exact,1,0,{},3.13.12,default.qubit,cpu,float64,,"{""task_generation"": 0.0008173999958671629, ""feature_extraction"": 0.029246199992485344, ""readout_training"": 0.04367159999674186}"
52162f99-5dbd-40f0-951b-853c7b17757f,True,8ed2df4d082ee6613e9a9480d5f5f41b99b23f4e,509b9d0be086f1a8d8ab8b7af4965c28dc79a1db686b4fdf1a940d5b821666cf,20260924T214530147999Z,aed397a0e24e8b5024a8aa01841cc7441b1c3068ba5b438c1261d8dc359c506e,befbea044a08f6076c9891fc542ac731d176d84c7f56e9cbc2185784f2fb31a2,46,141,ablation:no_entangle,inherited,accuracy,0.49333333333333335,exact,1,0,{},3.13.12,default.qubit,cpu,float64,,"{""task_generation"": 0.0007163999835029244, ""feature_extraction"": 0.04744809999829158, ""readout_training"": 0.04606170000624843}"
fd5e314e-405b-46e2-913e-06a466d75081,True,8ed2df4d082ee6613e9a9480d5f5f41b99b23f4e,509b9d0be086f1a8d8ab8b7af4965c28dc79a1db686b4fdf1a940d5b821666cf,20260924T214530147999Z,aed397a0e24e8b5024a8aa01841cc7441b1c3068ba5b438c1261d8dc359c506e,7d9cacf174cc14425a0b2a3b803ebec07d8a3d57378730f5054146329bf71d39,47,142,ablation:no_entangle,inherited,accuracy,0.5466666666666666,exact,1,0,{},3.13.12,default.qubit,cpu,float64,,"{""task_generation"": 0.0018560999887995422, ""feature_extraction"": 0.05997690002550371, ""readout_training"": 0.040392399998381734}"
ff82a1f1-50ba-485e-9487-dab0a2f84fff,True,8ed2df4d082ee6613e9a9480d5f5f41b99b23f4e,509b9d0be086f1a8d8ab8b7af4965c28dc79a1db686b4fdf1a940d5b821666cf,20260924T214530147999Z,aed397a0e24e8b5024a8aa01841cc7441b1c3068ba5b438c1261d8dc359c506e,c406816db4158b780457596cb29acb0ce7a754baef0623807611ccb8e4cac2e0,48,143,ablation:no_entangle,inherited,accuracy,0.4533333333333333,exact,1,0,{},3.13.12,default.qubit,cpu,float64,,"{""task_generation"": 0.0007901999924797565, ""feature_extraction"": 0.07405530000687577, ""readout_training"": 0.048139500024262816}"
6135b88f-d0cc-4f68-a50a-3c4a504b3369,True,8ed2df4d082ee6613e9a9480d5f5f41b99b23f4e,509b9d0be086f1a8d8ab8b7af4965c28dc79a1db686b4fdf1a940d5b821666cf,20260924T214530147999Z,aed397a0e24e8b5024a8aa01841cc7441b1c3068ba5b438c1261d8dc359c506e,1044aea8ed26b601f17ad45e14b16b3d7a983637eecf5fad0cb7cb568380cbab,49,144,ablation:no_entangle,inherited,accuracy,0.47333333333333333,exact,1,0,{},3.13.12,default.qubit,cpu,float64,,"{""task_generation"": 0.0008538999827578664, ""feature_extraction"": 0.09329779999097809, ""readout_training"": 0.05490710001322441}"
5e612c28-4044-4a56-86ed-43b9fda97cca,True,8ed2df4d082ee6613e9a9480d5f5f41b99b23f4e,509b9d0be086f1a8d8ab8b7af4965c28dc79a1db686b4fdf1a940d5b821666cf,20260924T214530147999Z,aed397a0e24e8b5024a8aa01841cc7441b1c3068ba5b438c1261d8dc359c506e,06c9bcafcfb6d741899c5549b681b40dd32051dda7440a1e4ff0d48fafbb6994,50,145,ablation:no_entangle,inherited,accuracy,0.5,exact,1,0,{},3.13.12,default.qubit,cpu,float64,,"{""task_generation"": 0.0013285000168252736, ""feature_extraction"": 0.07964720000745729, ""readout_training"": 0.06265809998149052}"
be080610-f5bd-4595-8e93-e04b6b977f1f,True,8ed2df4d082ee6613e9a9480d5f5f41b99b23f4e,509b9d0be086f1a8d8ab8b7af4965c28dc79a1db686b4fdf1a940d5b821666cf,20260924T214530147999Z,aed397a0e24e8b5024a8aa01841cc7441b1c3068ba5b438c1261d8dc359c506e,813ca18201fca4a264d419e6723a7477394f3c9ad154762297fc12cf1df88da3,51,146,ablation:no_entangle,inherited,accuracy,0.4866666666666667,exact,1,0,{},3.13.12,default.qubit,cpu,float64,,"{""task_generation"": 0.0007270000060088933, ""feature_extraction"": 0.03671879999455996, ""readout_training"": 0.0557113999966532}"
90738ed7-a18e-45c1-ae32-0183f8537279,True,8ed2df4d082ee6613e9a9480d5f5f41b99b23f4e,509b9d0be086f1a8d8ab8b7af4965c28dc79a1db686b4fdf1a940d5b821666cf,20260924T214530147999Z,aed397a0e24e8b5024a8aa01841cc7441b1c3068ba5b438c1261d8dc359c506e,7270af558a8775759724f5da1da7403545d4ca06ac1ee5955181e19f0de2e587,52,147,ablation:no_entangle,inherited,accuracy,0.44666666666666666,exact,1,0,{},3.13.12,default.qubit,cpu,float64,,"{""task_generation"": 0.0014588000194635242, ""feature_extraction"": 0.05982979998225346, ""readout_training"": 0.04648790002102032}"
282060e8-a8fb-4a54-af24-d6a687ac28d3,True,8ed2df4d082ee6613e9a9480d5f5f41b99b23f4e,509b9d0be086f1a8d8ab8b7af4965c28dc79a1db686b4fdf1a940d5b821666cf,20260924T214530147999Z,aed397a0e24e8b5024a8aa01841cc7441b1c3068ba5b438c1261d8dc359c506e,4e1bd4375e6b0b6b98456c36554c16dac2fd4e6763daaeed685d2d5c7d88bcbe,53,148,ablation:no_entangle,inherited,accuracy,0.5266666666666666,exact,1,0,{},3.13.12,default.qubit,cpu,float64,,"{""task_generation"": 0.0007746000192128122, ""feature_extraction"": 0.03426479999325238, ""readout_training"": 0.03649939998285845}"
d73e26a0-cf80-4549-b3cf-95c8e8ec0242,True,8ed2df4d082ee6613e9a9480d5f5f41b99b23f4e,509b9d0be086f1a8d8ab8b7af4965c28dc79a1db686b4fdf1a940d5b821666cf,20260924T214530147999Z,aed397a0e24e8b5024a8aa01841cc7441b1c3068ba5b438c1261d8dc359c506e,92d26f9c6bc87dc89426e4b0686e846b431f0835e4913d269e12c6a6d36297bb,42,137,ablation:no_entangle,inherited,stm_memory,0.47457475384316816,exact,1,0,"{""mc_total"": 1.1253781378628278, ""mc_k0"": 0.6508033840196596}",3.13.12,default.qubit,cpu,float64,,"{""task_generation"": 0.0027513999957591295, ""feature_extraction"": 2.0111219999962486, ""readout_training"": 0.042728600004920736}"
88d69ec0-d386-4740-85bd-4be513af6e0b,True,8ed2df4d082ee6613e9a9480d5f5f41b99b23f4e,509b9d0be086f1a8d8ab8b7af4965c28dc79a1db686b4fdf1a940d5b821666cf,20260924T214530147999Z,aed397a0e24e8b5024a8aa01841cc7441b1c3068ba5b438c1261d8dc359c506e,b90803955f61d5de684719196cdf23c9f88b24b6ee774dda5968f23420643612,42,137,ablation:no_entangle,inherited,stm_memory,0.16620184027131843,exact,1,0,"{""mc_total"": 0.7573470647531326, ""mc_k0"": 0.5911452244818142}",3.13.12,default.qubit,cpu,float64,,"{""task_generation"": 0.0027513999957591295, ""feature_extraction"": 1.9582751000125427, ""readout_training"": 0.05278080000425689}"
7a8436b4-3762-4bc7-894c-423670931f14,True,8ed2df4d082ee6613e9a9480d5f5f41b99b23f4e,509b9d0be086f1a8d8ab8b7af4965c28dc79a1db686b4fdf1a940d5b821666cf,20260924T214530147999Z,aed397a0e24e8b5024a8aa01841cc7441b1c3068ba5b438c1261d8dc359c506e,80a54f8208f3a5aee4d7917d1082e7beebcb6f3fe702c5f6cb71b8dade43889d,43,138,ablation:no_entangle,inherited,stm_memory,0.7680073248941187,exact,1,0,"{""mc_total"": 0.86936761983521, ""mc_k0"": 0.10136029494109133}",3.13.12,default.qubit,cpu,float64,,"{""task_generation"": 0.00018699999782256782, ""feature_extraction"": 1.9351618000073358, ""readout_training"": 0.04499390002456494}"
2abb3806-16ee-4d02-8d1c-74720a6e5520,True,8ed2df4d082ee6613e9a9480d5f5f41b99b23f4e,509b9d0be086f1a8d8ab8b7af4965c28dc79a1db686b4fdf1a940d5b821666cf,20260924T214530147999Z,aed397a0e24e8b5024a8aa01841cc7441b1c3068ba5b438c1261d8dc359c506e,26999f19ed891fa29d5deb4adf7caea5de1dc24fa3b13ad1526be28492d9b1a2,43,138,ablation:no_entangle,inherited,stm_memory,0.24301139217935847,exact,1,0,"{""mc_total"": 0.9548651153998013, ""mc_k0"": 0.7118537232204429}",3.13.12,default.qubit,cpu,float64,,"{""task_generation"": 0.00018699999782256782, ""feature_extraction"": 2.0219250000081956, ""readout_training"": 0.03686269998434}"
e6fb3f3a-0b7f-4139-ba4c-6c2f07a2f39e,True,8ed2df4d082ee6613e9a9480d5f5f41b99b23f4e,509b9d0be086f1a8d8ab8b7af4965c28dc79a1db686b4fdf1a940d5b821666cf,20260924T214530147999Z,aed397a0e24e8b5024a8aa01841cc7441b1c3068ba5b438c1261d8dc359c506e,930ed9de68ad4e2e040f5a1d8ca4a869ebbff7745cc57174fb9037ca6f9391f9,44,139,ablation:no_entangle,inherited,stm_memory,0.7493592436863954,exact,1,0,"{""mc_total"": 0.930002665357279, ""mc_k0"": 0.18064342167088365}",3.13.12,default.qubit,cpu,float64,,"{""task_generation"": 0.0002604000037536025, ""feature_extraction"": 2.0543371999810915, ""readout_training"": 0.03586110001197085}"
71454036-96b4-4229-80ed-8bcbf986e6f0,True,8ed2df4d082ee6613e9a9480d5f5f41b99b23f4e,509b9d0be086f1a8d8ab8b7af4965c28dc79a1db686b4fdf1a940d5b821666cf,20260924T214530147999Z,aed397a0e24e8b5024a8aa01841cc7441b1c3068ba5b438c1261d8dc359c506e,586ec65fa0bed662d698ba7040f7e67a9952341e5ce881c89a8a1f4a3d7c4a71,44,139,ablation:no_entangle,inherited,stm_memory,0.23766719365154723,exact,1,0,"{""mc_total"": 1.0426638179431744, ""mc_k0"": 0.8049966242916272}",3.13.12,default.qubit,cpu,float64,,"{""task_generation"": 0.0002604000037536025, ""feature_extraction"": 2.000824899994768, ""readout_training"": 0.04672959999879822}"
ebbce99a-be7d-4184-9c4a-7fa8ad7b71a6,True,8ed2df4d082ee6613e9a9480d5f5f41b99b23f4e,509b9d0be086f1a8d8ab8b7af4965c28dc79a1db686b4fdf1a940d5b821666cf,20260924T214530147999Z,aed397a0e24e8b5024a8aa01841cc7441b1c3068ba5b438c1261d8dc359c506e,a08af4f6e3424f2d92d38e59bdc2ac2fa4928785ebdc855325c7ce5ce9e2724f,45,140,ablation:no_entangle,inherited,stm_memory,0.08860864848605576,exact,1,0,"{""mc_total"": 0.9284138288320777, ""mc_k0"": 0.8398051803460219}",3.13.12,default.qubit,cpu,float64,,"{""task_generation"": 0.0001860999909695238, ""feature_extraction"": 2.0583927999832667, ""readout_training"": 0.04912850001710467}"
e62609d1-0680-4ddd-aeb9-a8c4208d0330,True,8ed2df4d082ee6613e9a9480d5f5f41b99b23f4e,509b9d0be086f1a8d8ab8b7af4965c28dc79a1db686b4fdf1a940d5b821666cf,20260924T214530147999Z,aed397a0e24e8b5024a8aa01841cc7441b1c3068ba5b438c1261d8dc359c506e,15964186e77f2d51fb8939515073f60c9097b43dbcc595dbb321eb7f62f2b3ca,45,140,ablation:no_entangle,inherited,stm_memory,0.10829207291398849,exact,1,0,"{""mc_total"": 0.9403778220297418, ""mc_k0"": 0.8320857491157534}",3.13.12,default.qubit,cpu,float64,,"{""task_generation"": 0.0001860999909695238, ""feature_extraction"": 2.0114695000229403, ""readout_training"": 0.04608379999990575}"
dc70c19c-def5-409e-ac94-a88909b062fe,True,8ed2df4d082ee6613e9a9480d5f5f41b99b23f4e,509b9d0be086f1a8d8ab8b7af4965c28dc79a1db686b4fdf1a940d5b821666cf,20260924T214530147999Z,aed397a0e24e8b5024a8aa01841cc7441b1c3068ba5b438c1261d8dc359c506e,d754f9372ba09ed9a0d9c167c77681ecc39392a5fc2ca9ad87ecc56232ba883c,46,141,ablation:no_entangle,inherited,stm_memory,0.2606440471878775,exact,1,0,"{""mc_total"": 0.8993816653769168, ""mc_k0"": 0.6387376181890393}",3.13.12,default.qubit,cpu,float64,,"{""task_generation"": 0.00024310001754201949, ""feature_extraction"": 1.9900732000241987, ""readout_training"": 0.04419310000957921}"
aa4fedc3-9454-4c7d-b4bf-6ee494b28bd9,True,8ed2df4d082ee6613e9a9480d5f5f41b99b23f4e,509b9d0be086f1a8d8ab8b7af4965c28dc79a1db686b4fdf1a940d5b821666cf,20260924T214530147999Z,aed397a0e24e8b5024a8aa01841cc7441b1c3068ba5b438c1261d8dc359c506e,ca273be87735bdb2b2a97d32ef961eca4266c1341afc19660ccd0b01864df0ee,46,141,ablation:no_entangle,inherited,stm_memory,0.1086631461426241,exact,1,0,"{""mc_total"": 0.7194966874253942, ""mc_k0"": 0.6108335412827701}",3.13.12,default.qubit,cpu,float64,,"{""task_generation"": 0.00024310001754201949, ""feature_extraction"": 2.021160200005397, ""readout_training"": 0.04231119999894872}"
432096ac-aeab-4b3a-a9ee-47cc62af9ef7,True,8ed2df4d082ee6613e9a9480d5f5f41b99b23f4e,509b9d0be086f1a8d8ab8b7af4965c28dc79a1db686b4fdf1a940d5b821666cf,20260924T214530147999Z,aed397a0e24e8b5024a8aa01841cc7441b1c3068ba5b438c1261d8dc359c506e,8d577ca5978a3ba493de97e66401b56782c737bebc6df3774c0e63374063e933,47,142,ablation:no_entangle,inherited,stm_memory,0.48080643216540175,exact,1,0,"{""mc_total"": 0.7835078302348023, ""mc_k0"": 0.30270139806940055}",3.13.12,default.qubit,cpu,float64,,"{""task_generation"": 0.00016410002717748284, ""feature_extraction"": 1.987437499978114, ""readout_training"": 0.04442469999776222}"
a8659ab6-5381-4a9b-8fd0-c99c3ea5db22,True,8ed2df4d082ee6613e9a9480d5f5f41b99b23f4e,509b9d0be086f1a8d8ab8b7af4965c28dc79a1db686b4fdf1a940d5b821666cf,20260924T214530147999Z,aed397a0e24e8b5024a8aa01841cc7441b1c3068ba5b438c1261d8dc359c506e,775d998b1ed049ff510be4767f5cab69c8598cefa77f25315ee8ec08ebaff130,47,142,ablation:no_entangle,inherited,stm_memory,0.18218321878992894,exact,1,0,"{""mc_total"": 0.9594821929227623, ""mc_k0"": 0.7772989741328333}",3.13.12,default.qubit,cpu,float64,,"{""task_generation"": 0.00016410002717748284, ""feature_extraction"": 1.970724800019525, ""readout_training"": 0.04362470001797192}"
41172a92-2c63-432b-a266-26b63176857c,True,8ed2df4d082ee6613e9a9480d5f5f41b99b23f4e,509b9d0be086f1a8d8ab8b7af4965c28dc79a1db686b4fdf1a940d5b821666cf,20260924T214530147999Z,aed397a0e24e8b5024a8aa01841cc7441b1c3068ba5b438c1261d8dc359c506e,30c6b8c1166cc75a3b60435059135dc9162d4e14024dfc7a785d36c4b8fd72bb,48,143,ablation:no_entangle,inherited,stm_memory,0.16016213389278078,exact,1,0,"{""mc_total"": 0.7607316373188387, ""mc_k0"": 0.600569503426058}",3.13.12,default.qubit,cpu,float64,,"{""task_generation"": 0.00017389998538419604, ""feature_extraction"": 2.04939299999387, ""readout_training"": 0.04810509999515489}"
0921a4cf-27d6-4ce2-bb91-667df9e77489,True,8ed2df4d082ee6613e9a9480d5f5f41b99b23f4e,509b9d0be086f1a8d8ab8b7af4965c28dc79a1db686b4fdf1a940d5b821666cf,20260924T214530147999Z,aed397a0e24e8b5024a8aa01841cc7441b1c3068ba5b438c1261d8dc359c506e,782d5a69f4790e4b0a4c91cb9a717b7427ad461a3fe634f38210485cfb1aedfa,48,143,ablation:no_entangle,inherited,stm_memory,0.07749425670517977,exact,1,0,"{""mc_total"": 0.8502921704479615, ""mc_k0"": 0.7727979137427817}",3.13.12,default.qubit,cpu,float64,,"{""task_generation"": 0.00017389998538419604, ""feature_extraction"": 2.0260641000058968, ""readout_training"": 0.03731740001239814}"
ec2b1f9d-a28f-4b81-a2b0-b94de43d088d,True,8ed2df4d082ee6613e9a9480d5f5f41b99b23f4e,509b9d0be086f1a8d8ab8b7af4965c28dc79a1db686b4fdf1a940d5b821666cf,20260924T214530147999Z,aed397a0e24e8b5024a8aa01841cc7441b1c3068ba5b438c1261d8dc359c506e,8ab1332cd55e69a8413eb6457d66fbbfb558cb842ca0b07f29068f6761835196,49,144,ablation:no_entangle,inherited,stm_memory,0.191395535157174,exact,1,0,"{""mc_total"": 0.6044829242291532, ""mc_k0"": 0.41308738907197917}",3.13.12,default.qubit,cpu,float64,,"{""task_generation"": 0.0002697999880183488, ""feature_extraction"": 1.9861688000091817, ""readout_training"": 0.04131050000432879}"
46ff46c3-350c-4dfb-9280-7cb6de7e9512,True,8ed2df4d082ee6613e9a9480d5f5f41b99b23f4e,509b9d0be086f1a8d8ab8b7af4965c28dc79a1db686b4fdf1a940d5b821666cf,20260924T214530147999Z,aed397a0e24e8b5024a8aa01841cc7441b1c3068ba5b438c1261d8dc359c506e,a77cb99cb4761fd160a2c042f8e6053b22fc09af2c62d1aece105efc8bdbeb5b,49,144,ablation:no_entangle,inherited,stm_memory,0.14971455212111587,exact,1,0,"{""mc_total"": 0.8476762356820519, ""mc_k0"": 0.697961683560936}",3.13.12,default.qubit,cpu,float64,,"{""task_generation"": 0.0002697999880183488, ""feature_extraction"": 2.0080393999814987, ""readout_training"": 0.04341980000026524}"
26d922f1-24c9-46e5-9d9d-69fcf291151b,True,8ed2df4d082ee6613e9a9480d5f5f41b99b23f4e,509b9d0be086f1a8d8ab8b7af4965c28dc79a1db686b4fdf1a940d5b821666cf,20260924T214530147999Z,aed397a0e24e8b5024a8aa01841cc7441b1c3068ba5b438c1261d8dc359c506e,852592562be7841744d92f4f6978de2f652413ef13fd30e5f8ca4c0b89e25257,50,145,ablation:no_entangle,inherited,stm_memory,0.8627659033221463,exact,1,0,"{""mc_total"": 1.5428952122987731, ""mc_k0"": 0.6801293089766268}",3.13.12,default.qubit,cpu,float64,,"{""task_generation"": 0.00018229999113827944, ""feature_extraction"": 2.0652389000169933, ""readout_training"": 0.04297720000613481}"
32e27d6b-62be-42e3-9316-45f6b7c0a9ce,True,8ed2df4d082ee6613e9a9480d5f5f41b99b23f4e,509b9d0be086f1a8d8ab8b7af4965c28dc79a1db686b4fdf1a940d5b821666cf,20260924T214530147999Z,aed397a0e24e8b5024a8aa01841cc7441b1c3068ba5b438c1261d8dc359c506e,b380c7bbafe5d2305652feb292e0ce207f063690c61f2ff66d09efb4a7975e11,50,145,ablation:no_entangle,inherited,stm_memory,0.14970061496020906,exact,1,0,"{""mc_total"": 0.9731991713103564, ""mc_k0"": 0.8234985563501473}",3.13.12,default.qubit,cpu,float64,,"{""task_generation"": 0.00018229999113827944, ""feature_extraction"": 2.0796863000141457, ""readout_training"": 0.04919419999350794}"
301ac9e9-9b7b-4682-860e-bd614e6dfdeb,True,8ed2df4d082ee6613e9a9480d5f5f41b99b23f4e,509b9d0be086f1a8d8ab8b7af4965c28dc79a1db686b4fdf1a940d5b821666cf,20260924T214530147999Z,aed397a0e24e8b5024a8aa01841cc7441b1c3068ba5b438c1261d8dc359c506e,2257886c06fda452698d28b4b195e77123bc38ea2c1b5948824d926e74da2db3,51,146,ablation:no_entangle,inherited,stm_memory,0.7052635108900969,exact,1,0,"{""mc_total"": 0.7610278464914934, ""mc_k0"": 0.055764335601396486}",3.13.12,default.qubit,cpu,float64,,"{""task_generation"": 0.0004967999993823469, ""feature_extraction"": 2.0659509999968577, ""readout_training"": 0.046204400015994906}"
ed079ae1-315d-41b0-a058-36e931c4148b,True,8ed2df4d082ee6613e9a9480d5f5f41b99b23f4e,509b9d0be086f1a8d8ab8b7af4965c28dc79a1db686b4fdf1a940d5b821666cf,20260924T214530147999Z,aed397a0e24e8b5024a8aa01841cc7441b1c3068ba5b438c1261d8dc359c506e,e0abfc3453edc71400bc963e1f4912c5dc298865e15986ae85d4310a17c77c4b,51,146,ablation:no_entangle,inherited,stm_memory,0.16003963017574832,exact,1,0,"{""mc_total"": 0.7230203543458281, ""mc_k0"": 0.5629807241700798}",3.13.12,default.qubit,cpu,float64,,"{""task_generation"": 0.0004967999993823469, ""feature_extraction"": 1.9928458000067621, ""readout_training"": 0.05499560001771897}"
9bccb436-e947-477f-8fac-1642ba1e7183,True,8ed2df4d082ee6613e9a9480d5f5f41b99b23f4e,509b9d0be086f1a8d8ab8b7af4965c28dc79a1db686b4fdf1a940d5b821666cf,20260924T214530147999Z,aed397a0e24e8b5024a8aa01841cc7441b1c3068ba5b438c1261d8dc359c506e,5462e9bd97fc419d9d6cb7e8c6d0d7413aa0f77c20a03bb3da9fdd8b182a1055,52,147,ablation:no_entangle,inherited,stm_memory,0.49775053210887166,exact,1,0,"{""mc_total"": 0.7526043851010774, ""mc_k0"": 0.25485385299220575}",3.13.12,default.qubit,cpu,float64,,"{""task_generation"": 0.00023260002490133047, ""feature_extraction"": 2.0193808999902103, ""readout_training"": 0.048385500005679205}"
53ebfbbd-85a3-4cf1-bd36-39fcc9d88566,True,8ed2df4d082ee6613e9a9480d5f5f41b99b23f4e,509b9d0be086f1a8d8ab8b7af4965c28dc79a1db686b4fdf1a940d5b821666cf,20260924T214530147999Z,aed397a0e24e8b5024a8aa01841cc7441b1c3068ba5b438c1261d8dc359c506e,e5b1fc6ff1c3211dec187bd75d0e67f3ab2c8d2174ad036892e74b538bfa771f,52,147,ablation:no_entangle,inherited,stm_memory,0.12137705014156226,exact,1,0,"{""mc_total"": 0.711419567439139, ""mc_k0"": 0.5900425172975767}",3.13.12,default.qubit,cpu,float64,,"{""task_generation"": 0.00023260002490133047, ""feature_extraction"": 2.124580000003334, ""readout_training"": 0.057938899990404025}"
2f2852ac-8e7c-43ba-a301-2cb4d7e3c77c,True,8ed2df4d082ee6613e9a9480d5f5f41b99b23f4e,509b9d0be086f1a8d8ab8b7af4965c28dc79a1db686b4fdf1a940d5b821666cf,20260924T214530147999Z,aed397a0e24e8b5024a8aa01841cc7441b1c3068ba5b438c1261d8dc359c506e,c54a6498d381b485ef77a67f4ecc63b653b376830cf30f9c41e94a742567b6e4,53,148,ablation:no_entangle,inherited,stm_memory,0.4293450076369713,exact,1,0,"{""mc_total"": 0.8348767663422718, ""mc_k0"": 0.4055317587053005}",3.13.12,default.qubit,cpu,float64,,"{""task_generation"": 0.00021130000823177397, ""feature_extraction"": 2.159960399992997, ""readout_training"": 0.04619170000660233}"
30514a97-aca8-44e6-bf04-8e7bf089cdf9,True,8ed2df4d082ee6613e9a9480d5f5f41b99b23f4e,509b9d0be086f1a8d8ab8b7af4965c28dc79a1db686b4fdf1a940d5b821666cf,20260924T214530147999Z,aed397a0e24e8b5024a8aa01841cc7441b1c3068ba5b438c1261d8dc359c506e,927bb331e84a426e6400ae25cb6a1bd74581969ca45ce13e8890c5ce407f47b4,53,148,ablation:no_entangle,inherited,stm_memory,0.17721722599725637,exact,1,0,"{""mc_total"": 0.7892062729570315, ""mc_k0"": 0.6119890469597751}",3.13.12,default.qubit,cpu,float64,,"{""task_generation"": 0.00021130000823177397, ""feature_extraction"": 2.0659147999831475, ""readout_training"": 0.044911000004503876}"
2ce3498b-a653-42c6-84ff-aa34db126f52,True,8ed2df4d082ee6613e9a9480d5f5f41b99b23f4e,509b9d0be086f1a8d8ab8b7af4965c28dc79a1db686b4fdf1a940d5b821666cf,20260924T214530147999Z,b4f56d80b6f9366ef11a9c0ef4a8f5626aaab70d9fc197ac6f9bfe2e99bb6d1c,92d26f9c6bc87dc89426e4b0686e846b431f0835e4913d269e12c6a6d36297bb,42,137,ablation:no_entangle,inherited,accuracy,0.5333333333333333,exact,1,0,{},3.13.12,default.qubit,cpu,float64,,"{""task_generation"": 0.0022267000167630613, ""feature_extraction"": 0.015339700010372326, ""readout_training"": 0.03935899998759851}"
572e042f-4df4-4e86-b2ad-2cb4e057ad95,True,8ed2df4d082ee6613e9a9480d5f5f41b99b23f4e,509b9d0be086f1a8d8ab8b7af4965c28dc79a1db686b4fdf1a940d5b821666cf,20260924T214530147999Z,b4f56d80b6f9366ef11a9c0ef4a8f5626aaab70d9fc197ac6f9bfe2e99bb6d1c,b90803955f61d5de684719196cdf23c9f88b24b6ee774dda5968f23420643612,42,137,ablation:no_entangle,inherited,accuracy,0.54,exact,1,0,{},3.13.12,default.qubit,cpu,float64,,"{""task_generation"": 0.0022267000167630613, ""feature_extraction"": 0.011463400005595759, ""readout_training"": 0.05431569999200292}"
0655bc99-20bb-4ba3-b24c-54cbcf90d649,True,8ed2df4d082ee6613e9a9480d5f5f41b99b23f4e,509b9d0be086f1a8d8ab8b7af4965c28dc79a1db686b4fdf1a940d5b821666cf,20260924T214530147999Z,b4f56d80b6f9366ef11a9c0ef4a8f5626aaab70d9fc197ac6f9bfe2e99bb6d1c,80a54f8208f3a5aee4d7917d1082e7beebcb6f3fe702c5f6cb71b8dade43889d,43,138,ablation:no_entangle,inherited,accuracy,0.43333333333333335,exact,1,0,{},3.13.12,default.qubit,cpu,float64,,"{""task_generation"": 0.0010070000134874135, ""feature_extraction"": 0.02009820000967011, ""readout_training"": 0.03532890000496991}"
0f385aeb-afe7-44f9-bd32-2b06f72ad213,True,8ed2df4d082ee6613e9a9480d5f5f41b99b23f4e,509b9d0be086f1a8d8ab8b7af4965c28dc79a1db686b4fdf1a940d5b821666cf,20260924T214530147999Z,b4f56d80b6f9366ef11a9c0ef4a8f5626aaab70d9fc197ac6f9bfe2e99bb6d1c,26999f19ed891fa29d5deb4adf7caea5de1dc24fa3b13ad1526be28492d9b1a2,43,138,ablation:no_entangle,inherited,accuracy,0.43333333333333335,exact,1,0,{},3.13.12,default.qubit,cpu,float64,,"{""task_generation"": 0.0010070000134874135, ""feature_extraction"": 0.009881899983156472, ""readout_training"": 0.03894880000734702}"
2e872c4a-aa2c-4583-a69b-e65f0c489f70,True,8ed2df4d082ee6613e9a9480d5f5f41b99b23f4e,509b9d0be086f1a8d8ab8b7af4965c28dc79a1db686b4fdf1a940d5b821666cf,20260924T214530147999Z,b4f56d80b6f9366ef11a9c0ef4a8f5626aaab70d9fc197ac6f9bfe2e99bb6d1c,930ed9de68ad4e2e040f5a1d8ca4a869ebbff7745cc57174fb9037ca6f9391f9,44,139,ablation:no_entangle,inherited,accuracy,0.49333333333333335,exact,1,0,{},3.13.12,default.qubit,cpu,float64,,"{""task_generation"": 0.000727800012100488, ""feature_extraction"": 0.015093699999852106, ""readout_training"": 0.03394399999524467}"
a617794e-a33d-46f8-ac80-38854cf4917d,True,8ed2df4d082ee6613e9a9480d5f5f41b99b23f4e,509b9d0be086f1a8d8ab8b7af4965c28dc79a1db686b4fdf1a940d5b821666cf,20260924T214530147999Z,b4f56d80b6f9366ef11a9c0ef4a8f5626aaab70d9fc197ac6f9bfe2e99bb6d1c,586ec65fa0bed662d698ba7040f7e67a9952341e5ce881c89a8a1f4a3d7c4a71,44,139,ablation:no_entangle,inherited,accuracy,0.49333333333333335,exact,1,0,{},3.13.12,default.qubit,cpu,float64,,"{""task_generation"": 0.000727800012100488, ""feature_extraction"": 0.008587599993916228, ""readout_training"": 0.05756779998773709}"
2be9ca54-b56c-44bb-a241-588cf51440ff,True,8ed2df4d082ee6613e9a9480d5f5f41b99b23f4e,509b9d0be086f1a8d8ab8b7af4965c28dc79a1db686b4fdf1a940d5b821666cf,20260924T214530147999Z,b4f56d80b6f9366ef11a9c0ef4a8f5626aaab70d9fc197ac6f9bfe2e99bb6d1c,a08af4f6e3424f2d92d38e59bdc2ac2fa4928785ebdc855325c7ce5ce9e2724f,45,140,ablation:no_entangle,inherited,accuracy,0.49333333333333335,exact,1,0,{},3.13.12,default.qubit,cpu,float64,,"{""task_generation"": 0.0012737000070046633, ""feature_extraction"": 0.030019600002560765, ""readout_training"": 0.05567020000307821}"
63fc4678-e292-4f5d-91e9-5e31fded83f4,True,8ed2df4d082ee6613e9a9480d5f5f41b99b23f4e,509b9d0be086f1a8d8ab8b7af4965c28dc79a1db686b4fdf1a940d5b821666cf,20260924T214530147999Z,b4f56d80b6f9366ef11a9c0ef4a8f5626aaab70d9fc197ac6f9bfe2e99bb6d1c,15964186e77f2d51fb8939515073f60c9097b43dbcc595dbb321eb7f62f2b3ca,45,140,ablation:no_entangle,inherited,accuracy,0.4266666666666667,exact,1,0,{},3.13.12,default.qubit,cpu,float64,,"{""task_generation"": 0.0012737000070046633, ""feature_extraction"": 0.012365900009172037, ""readout_training"": 0.054011300002457574}"
df004a25-80be-4147-a2e8-c52cc85cce5d,True,8ed2df4d082ee6613e9a9480d5f5f41b99b23f4e,509b9d0be086f1a8d8ab8b7af4965c28dc79a1db686b4fdf1a940d5b821666cf,20260924T214530147999Z,b4f56d80b6f9366ef11a9c0ef4a8f5626aaab70d9fc197ac6f9bfe2e99bb6d1c,d754f9372ba09ed9a0d9c167c77681ecc39392a5fc2ca9ad87ecc56232ba883c,46,141,ablation:no_entangle,inherited,accuracy,0.49333333333333335,exact,1,0,{},3.13.12,default.qubit,cpu,float64,,"{""task_generation"": 0.0007015999872237444, ""feature_extraction"": 0.026775899983476847, ""readout_training"": 0.04301560000749305}"
a65d6e09-5f05-4c94-898b-a231afff953e,True,8ed2df4d082ee6613e9a9480d5f5f41b99b23f4e,509b9d0be086f1a8d8ab8b7af4965c28dc79a1db686b4fdf1a940d5b821666cf,20260924T214530147999Z,b4f56d80b6f9366ef11a9c0ef4a8f5626aaab70d9fc197ac6f9bfe2e99bb6d1c,ca273be87735bdb2b2a97d32ef961eca4266c1341afc19660ccd0b01864df0ee,46,141,ablation:no_entangle,inherited,accuracy,0.49333333333333335,exact,1,0,{},3.13.12,default.qubit,cpu,float64,,"{""task_generation"": 0.0007015999872237444, ""feature_extraction"": 0.008810700004687533, ""readout_training"": 0.050987099995836616}"
7671048b-39f3-46fb-a3e5-eafb13375629,True,8ed2df4d082ee6613e9a9480d5f5f41b99b23f4e,509b9d0be086f1a8d8ab8b7af4965c28dc79a1db686b4fdf1a940d5b821666cf,20260924T214530147999Z,b4f56d80b6f9366ef11a9c0ef4a8f5626aaab70d9fc197ac6f9bfe2e99bb6d1c,8d577ca5978a3ba493de97e66401b56782c737bebc6df3774c0e63374063e933,47,142,ablation:no_entangle,inherited,accuracy,0.5466666666666666,exact,1,0,{},3.13.12,default.qubit,cpu,float64,,"{""task_generation"": 0.0008406999986618757, ""feature_extraction"": 0.016338399989763275, ""readout_training"": 0.0569367999851238}"
89b45cfa-b98d-4820-9771-3ebc5667f364,True,8ed2df4d082ee6613e9a9480d5f5f41b99b23f4e,509b9d0be086f1a8d8ab8b7af4965c28dc79a1db686b4fdf1a940d5b821666cf,20260924T214530147999Z,b4f56d80b6f9366ef11a9c0ef4a8f5626aaab70d9fc197ac6f9bfe2e99bb6d1c,775d998b1ed049ff510be4767f5cab69c8598cefa77f25315ee8ec08ebaff130,47,142,ablation:no_entangle,inherited,accuracy,0.47333333333333333,exact,1,0,{},3.13.12,default.qubit,cpu,float64,,"{""task_generation"": 0.0008406999986618757, ""feature_extraction"": 0.008404899999732152, ""readout_training"": 0.07846860002609901}"
ae616b78-f9af-4697-9b47-47513d70133e,True,8ed2df4d082ee6613e9a9480d5f5f41b99b23f4e,509b9d0be086f1a8d8ab8b7af4965c28dc79a1db686b4fdf1a940d5b821666cf,20260924T214530147999Z,b4f56d80b6f9366ef11a9c0ef4a8f5626aaab70d9fc197ac6f9bfe2e99bb6d1c,30c6b8c1166cc75a3b60435059135dc9162d4e14024dfc7a785d36c4b8fd72bb,48,143,ablation:no_entangle,inherited,accuracy,0.4533333333333333,exact,1,0,{},3.13.12,default.qubit,cpu,float64,,"{""task_generation"": 0.0007304000027943403, ""feature_extraction"": 0.015425699995830655, ""readout_training"": 0.033374100021319464}"
a4524a98-a7da-4837-97e5-96ce48d32a97,True,8ed2df4d082ee6613e9a9480d5f5f41b99b23f4e,509b9d0be086f1a8d8ab8b7af4965c28dc79a1db686b4fdf1a940d5b821666cf,20260924T214530147999Z,b4f56d80b6f9366ef11a9c0ef4a8f5626aaab70d9fc197ac6f9bfe2e99bb6d1c,782d5a69f4790e4b0a4c91cb9a717b7427ad461a3fe634f38210485cfb1aedfa,48,143,ablation:no_entangle,inherited,accuracy,0.4533333333333333,exact,1,0,{},3.13.12,default.qubit,cpu,float64,,"{""task_generation"": 0.0007304000027943403, ""feature_extraction"": 0.008280499983811751, ""readout_training"": 0.05042230000253767}"
30fe5563-8337-4944-9b78-59961e364600,True,8ed2df4d082ee6613e9a9480d5f5f41b99b23f4e,509b9d0be086f1a8d8ab8b7af4965c28dc79a1db686b4fdf1a940d5b821666cf,20260924T214530147999Z,b4f56d80b6f9366ef11a9c0ef4a8f5626aaab70d9fc197ac6f9bfe2e99bb6d1c,8ab1332cd55e69a8413eb6457d66fbbfb558cb842ca0b07f29068f6761835196,49,144,ablation:no_entangle,inherited,accuracy,0.47333333333333333,exact,1,0,{},3.13.12,default.qubit,cpu,float64,,"{""task_generation"": 0.0013326999905984849, ""feature_extraction"": 0.021627699985401705, ""readout_training"": 0.032899800018640235}"
45aa68a6-b3fb-4d1c-b105-00d1118eec91,True,8ed2df4d082ee6613e9a9480d5f5f41b99b23f4e,509b9d0be086f1a8d8ab8b7af4965c28dc79a1db686b4fdf1a940d5b821666cf,20260924T214530147999Z,b4f56d80b6f9366ef11a9c0ef4a8f5626aaab70d9fc197ac6f9bfe2e99bb6d1c,a77cb99cb4761fd160a2c042f8e6053b22fc09af2c62d1aece105efc8bdbeb5b,49,144,ablation:no_entangle,inherited,accuracy,0.47333333333333333,exact,1,0,{},3.13.12,default.qubit,cpu,float64,,"{""task_generation"": 0.0013326999905984849, ""feature_extraction"": 0.01324100000783801, ""readout_training"": 0.03510559999267571}"
2cc8928c-88f4-46ef-aee9-36266edbb820,True,8ed2df4d082ee6613e9a9480d5f5f41b99b23f4e,509b9d0be086f1a8d8ab8b7af4965c28dc79a1db686b4fdf1a940d5b821666cf,20260924T214530147999Z,b4f56d80b6f9366ef11a9c0ef4a8f5626aaab70d9fc197ac6f9bfe2e99bb6d1c,852592562be7841744d92f4f6978de2f652413ef13fd30e5f8ca4c0b89e25257,50,145,ablation:no_entangle,inherited,accuracy,0.5333333333333333,exact,1,0,{},3.13.12,default.qubit,cpu,float64,,"{""task_generation"": 0.0013586000131908804, ""feature_extraction"": 0.017307500005699694, ""readout_training"": 0.04105209998670034}"
cd9c1e7f-85cb-4d29-afa8-404a9c04f2fd,True,8ed2df4d082ee6613e9a9480d5f5f41b99b23f4e,509b9d0be086f1a8d8ab8b7af4965c28dc79a1db686b4fdf1a940d5b821666cf,20260924T214530147999Z,b4f56d80b6f9366ef11a9c0ef4a8f5626aaab70d9fc197ac6f9bfe2e99bb6d1c,b380c7bbafe5d2305652feb292e0ce207f063690c61f2ff66d09efb4a7975e11,50,145,ablation:no_entangle,inherited,accuracy,0.54,exact,1,0,{},3.13.12,default.qubit,cpu,float64,,"{""task_generation"": 0.0013586000131908804, ""feature_extraction"": 0.0073973000107798725, ""readout_training"": 0.03338049998274073}"
fb778008-4f3d-4738-a023-412bce57940c,True,8ed2df4d082ee6613e9a9480d5f5f41b99b23f4e,509b9d0be086f1a8d8ab8b7af4965c28dc79a1db686b4fdf1a940d5b821666cf,20260924T214530147999Z,b4f56d80b6f9366ef11a9c0ef4a8f5626aaab70d9fc197ac6f9bfe2e99bb6d1c,2257886c06fda452698d28b4b195e77123bc38ea2c1b5948824d926e74da2db3,51,146,ablation:no_entangle,inherited,accuracy,0.49333333333333335,exact,1,0,{},3.13.12,default.qubit,cpu,float64,,"{""task_generation"": 0.0007366000209003687, ""feature_extraction"": 0.016764899977715686, ""readout_training"": 0.04016630002297461}"
ed4c2018-17fd-4577-aedb-58c37ec6c3aa,True,8ed2df4d082ee6613e9a9480d5f5f41b99b23f4e,509b9d0be086f1a8d8ab8b7af4965c28dc79a1db686b4fdf1a940d5b821666cf,20260924T214530147999Z,b4f56d80b6f9366ef11a9c0ef4a8f5626aaab70d9fc197ac6f9bfe2e99bb6d1c,e0abfc3453edc71400bc963e1f4912c5dc298865e15986ae85d4310a17c77c4b,51,146,ablation:no_entangle,inherited,accuracy,0.47333333333333333,exact,1,0,{},3.13.12,default.qubit,cpu,float64,,"{""task_generation"": 0.0007366000209003687, ""feature_extraction"": 0.009328000014647841, ""readout_training"": 0.060118199995486066}"
eb171170-2ce3-434c-9d2c-8c766aa93761,True,8ed2df4d082ee6613e9a9480d5f5f41b99b23f4e,509b9d0be086f1a8d8ab8b7af4965c28dc79a1db686b4fdf1a940d5b821666cf,20260924T214530147999Z,b4f56d80b6f9366ef11a9c0ef4a8f5626aaab70d9fc197ac6f9bfe2e99bb6d1c,5462e9bd97fc419d9d6cb7e8c6d0d7413aa0f77c20a03bb3da9fdd8b182a1055,52,147,ablation:no_entangle,inherited,accuracy,0.48,exact,1,0,{},3.13.12,default.qubit,cpu,float64,,"{""task_generation"": 0.0007241000130306929, ""feature_extraction"": 0.015640300000086427, ""readout_training"": 0.0475727999873925}"
e2fd8547-344b-4fee-8d57-47d0b8e4e92f,True,8ed2df4d082ee6613e9a9480d5f5f41b99b23f4e,509b9d0be086f1a8d8ab8b7af4965c28dc79a1db686b4fdf1a940d5b821666cf,20260924T214530147999Z,b4f56d80b6f9366ef11a9c0ef4a8f5626aaab70d9fc197ac6f9bfe2e99bb6d1c,e5b1fc6ff1c3211dec187bd75d0e67f3ab2c8d2174ad036892e74b538bfa771f,52,147,ablation:no_entangle,inherited,accuracy,0.44666666666666666,exact,1,0,{},3.13.12,default.qubit,cpu,float64,,"{""task_generation"": 0.0007241000130306929, ""feature_extraction"": 0.012334500002907589, ""readout_training"": 0.03839120001066476}"
e443c44c-5467-4cdd-bb3b-21ae617b3ff5,True,8ed2df4d082ee6613e9a9480d5f5f41b99b23f4e,509b9d0be086f1a8d8ab8b7af4965c28dc79a1db686b4fdf1a940d5b821666cf,20260924T214530147999Z,b4f56d80b6f9366ef11a9c0ef4a8f5626aaab70d9fc197ac6f9bfe2e99bb6d1c,c54a6498d381b485ef77a67f4ecc63b653b376830cf30f9c41e94a742567b6e4,53,148,ablation:no_entangle,inherited,accuracy,0.5266666666666666,exact,1,0,{},3.13.12,default.qubit,cpu,float64,,"{""task_generation"": 0.001198899990413338, ""feature_extraction"": 0.025208400009432808, ""readout_training"": 0.04812140000285581}"
c0892681-29f9-439b-b36a-eecf2eef17e4,True,8ed2df4d082ee6613e9a9480d5f5f41b99b23f4e,509b9d0be086f1a8d8ab8b7af4965c28dc79a1db686b4fdf1a940d5b821666cf,20260924T214530147999Z,b4f56d80b6f9366ef11a9c0ef4a8f5626aaab70d9fc197ac6f9bfe2e99bb6d1c,927bb331e84a426e6400ae25cb6a1bd74581969ca45ce13e8890c5ce407f47b4,53,148,ablation:no_entangle,inherited,accuracy,0.5266666666666666,exact,1,0,{},3.13.12,default.qubit,cpu,float64,,"{""task_generation"": 0.001198899990413338, ""feature_extraction"": 0.00740960001712665, ""readout_training"": 0.038704799982951954}"
ab38d353-c36c-4c75-875f-55880842b89a,True,8ed2df4d082ee6613e9a9480d5f5f41b99b23f4e,509b9d0be086f1a8d8ab8b7af4965c28dc79a1db686b4fdf1a940d5b821666cf,20260924T214530147999Z,aed397a0e24e8b5024a8aa01841cc7441b1c3068ba5b438c1261d8dc359c506e,b89af89f7b5af4f82145c64958b3127e4ae47a12e348396af73c6ee82a7102e3,42,137,ablation:haar,inherited,stm_memory,1.479852271985436,exact,1,0,"{""mc_total"": 2.00165310746363, ""mc_k0"": 0.5218008354781942}",3.13.12,default.qubit,cpu,float64,,"{""task_generation"": 0.002612400014186278, ""feature_extraction"": 0.7312610999797471, ""readout_training"": 0.04752359999110922}"
c9b66bac-c5cc-4880-ba8b-5a7123b1dfb8,True,8ed2df4d082ee6613e9a9480d5f5f41b99b23f4e,509b9d0be086f1a8d8ab8b7af4965c28dc79a1db686b4fdf1a940d5b821666cf,20260924T214530147999Z,aed397a0e24e8b5024a8aa01841cc7441b1c3068ba5b438c1261d8dc359c506e,529bd1ce6f387f18f5d4f8afa5e2f1e531298972cfe0cbb9a09832dfed0f4f73,43,138,ablation:haar,inherited,stm_memory,2.363223919290771,exact,1,0,"{""mc_total"": 3.215304067489179, ""mc_k0"": 0.8520801481984077}",3.13.12,default.qubit,cpu,float64,,"{""task_generation"": 0.00023139998666010797, ""feature_extraction"": 0.7358875000209082, ""readout_training"": 0.03998279999359511}"
fbdd0fc0-c106-4b1c-8723-08bee84b4d08,True,8ed2df4d082ee6613e9a9480d5f5f41b99b23f4e,509b9d0be086f1a8d8ab8b7af4965c28dc79a1db686b4fdf1a940d5b821666cf,20260924T214530147999Z,aed397a0e24e8b5024a8aa01841cc7441b1c3068ba5b438c1261d8dc359c506e,f73f51cd2b30c594f9a86ab4282e513b737c2fddf174146be6343dd8bd5a3d21,44,139,ablation:haar,inherited,stm_memory,2.281910778947242,exact,1,0,"{""mc_total"": 3.0514537913773645, ""mc_k0"": 0.7695430124301224}",3.13.12,default.qubit,cpu,float64,,"{""task_generation"": 0.00016310001956298947, ""feature_extraction"": 0.7150353000033647, ""readout_training"": 0.040008400013903156}"
3a782101-1d2f-488b-9a47-cbd1bda73698,True,8ed2df4d082ee6613e9a9480d5f5f41b99b23f4e,509b9d0be086f1a8d8ab8b7af4965c28dc79a1db686b4fdf1a940d5b821666cf,20260924T214530147999Z,aed397a0e24e8b5024a8aa01841cc7441b1c3068ba5b438c1261d8dc359c506e,60c6701d618f18506705efcd831abc985c7be91199ad9cea66202036a20f61b9,45,140,ablation:haar,inherited,stm_memory,1.5468278386724985,exact,1,0,"{""mc_total"": 2.142511194625199, ""mc_k0"": 0.5956833559527004}",3.13.12,default.qubit,cpu,float64,,"{""task_generation"": 0.00016399999731220305, ""feature_extraction"": 0.7732873999921139, ""readout_training"": 0.03980499997851439}"
58bda7fd-b11f-407a-866a-9c215deb0944,True,8ed2df4d082ee6613e9a9480d5f5f41b99b23f4e,509b9d0be086f1a8d8ab8b7af4965c28dc79a1db686b4fdf1a940d5b821666cf,20260924T214530147999Z,aed397a0e24e8b5024a8aa01841cc7441b1c3068ba5b438c1261d8dc359c506e,d6f3dbeb378c6d3c3548ab75e543947ab0fe6ba5a0c980e77a4a89ae9d9cca4d,46,141,ablation:haar,inherited,stm_memory,2.487742005241425,exact,1,0,"{""mc_total"": 3.156250963420512, ""mc_k0"": 0.6685089581790868}",3.13.12,default.qubit,cpu,float64,,"{""task_generation"": 0.0001818000164348632, ""feature_extraction"": 0.9821094000071753, ""readout_training"": 0.052528000000165775}"
77181efe-a5b1-4102-861b-b5c1e70a7bdc,True,8ed2df4d082ee6613e9a9480d5f5f41b99b23f4e,509b9d0be086f1a8d8ab8b7af4965c28dc79a1db686b4fdf1a940d5b821666cf,20260924T214530147999Z,aed397a0e24e8b5024a8aa01841cc7441b1c3068ba5b438c1261d8dc359c506e,5cbb5bbae0f0e3a6d779485f3ea6e20df4fb861c6ab7ae47814b16da22815bbb,47,142,ablation:haar,inherited,stm_memory,1.530020424835051,exact,1,0,"{""mc_total"": 2.1044836114655388, ""mc_k0"": 0.5744631866304877}",3.13.12,default.qubit,cpu,float64,,"{""task_generation"": 0.00021830000332556665, ""feature_extraction"": 1.1628593000059482, ""readout_training"": 0.054948999983025715}"
fbe1b301-37b5-4671-af1b-f36d37fdea35,True,8ed2df4d082ee6613e9a9480d5f5f41b99b23f4e,509b9d0be086f1a8d8ab8b7af4965c28dc79a1db686b4fdf1a940d5b821666cf,20260924T214530147999Z,aed397a0e24e8b5024a8aa01841cc7441b1c3068ba5b438c1261d8dc359c506e,4cf4226a227190c14a58da3179dd7abefb59f56bd091c3fe6002a3ccddbc58db,48,143,ablation:haar,inherited,stm_memory,1.183706783063538,exact,1,0,"{""mc_total"": 1.5715308427611832, ""mc_k0"": 0.3878240596976452}",3.13.12,default.qubit,cpu,float64,,"{""task_generation"": 0.00018900001305155456, ""feature_extraction"": 1.152021700021578, ""readout_training"": 0.042798200011020526}"
49fd3ad9-99b7-4fac-a310-fe20ffc37b47,True,8ed2df4d082ee6613e9a9480d5f5f41b99b23f4e,509b9d0be086f1a8d8ab8b7af4965c28dc79a1db686b4fdf1a940d5b821666cf,20260924T214530147999Z,aed397a0e24e8b5024a8aa01841cc7441b1c3068ba5b438c1261d8dc359c506e,20e29ab370f7cce291fc750ab32edbc126312d8e54086974abcf45275a90970d,49,144,ablation:haar,inherited,stm_memory,1.5991473813178465,exact,1,0,"{""mc_total"": 2.015628676669781, ""mc_k0"": 0.41648129535193457}",3.13.12,default.qubit,cpu,float64,,"{""task_generation"": 0.00018930001533590257, ""feature_extraction"": 1.216212600003928, ""readout_training"": 0.04409390001092106}"
a2853902-36f5-4044-a38a-1638ad43c7fd,True,8ed2df4d082ee6613e9a9480d5f5f41b99b23f4e,509b9d0be086f1a8d8ab8b7af4965c28dc79a1db686b4fdf1a940d5b821666cf,20260924T214530147999Z,aed397a0e24e8b5024a8aa01841cc7441b1c3068ba5b438c1261d8dc359c506e,0a74fbbebf88d99d6f041e5637a64c6311dd9669fa2fdc1b8f8564e3b7cffb93,50,145,ablation:haar,inherited,stm_memory,2.2235107089529675,exact,1,0,"{""mc_total"": 2.4881156326763247, ""mc_k0"": 0.2646049237233572}",3.13.12,default.qubit,cpu,float64,,"{""task_generation"": 0.0002623000182211399, ""feature_extraction"": 1.2184605000074953, ""readout_training"": 0.04216060001635924}"
06628842-2a58-4edd-9b30-610bc0650878,True,8ed2df4d082ee6613e9a9480d5f5f41b99b23f4e,509b9d0be086f1a8d8ab8b7af4965c28dc79a1db686b4fdf1a940d5b821666cf,20260924T214530147999Z,aed397a0e24e8b5024a8aa01841cc7441b1c3068ba5b438c1261d8dc359c506e,7583e71c427245500c135acd3334c18bbeffa15f0d519eab4e9b8677586a3ee5,51,146,ablation:haar,inherited,stm_memory,2.261148764095564,exact,1,0,"{""mc_total"": 2.6743744729720786, ""mc_k0"": 0.41322570887651455}",3.13.12,default.qubit,cpu,float64,,"{""task_generation"": 0.0003239999932702631, ""feature_extraction"": 0.8826249999983702, ""readout_training"": 0.046589899982791394}"
8b51fbdc-c1dd-44ec-9692-b2ade1efa5f0,True,8ed2df4d082ee6613e9a9480d5f5f41b99b23f4e,509b9d0be086f1a8d8ab8b7af4965c28dc79a1db686b4fdf1a940d5b821666cf,20260924T214530147999Z,aed397a0e24e8b5024a8aa01841cc7441b1c3068ba5b438c1261d8dc359c506e,d640081913ca694edada9222406b388c33257e583ee3b7f5765fcea87b2380a4,52,147,ablation:haar,inherited,stm_memory,1.394329000045204,exact,1,0,"{""mc_total"": 1.8568975410102628, ""mc_k0"": 0.46256854096505884}",3.13.12,default.qubit,cpu,float64,,"{""task_generation"": 0.0001981999957934022, ""feature_extraction"": 1.0119262999796774, ""readout_training"": 0.046035499981371686}"
52170c26-63ab-494d-847c-b28528286116,True,8ed2df4d082ee6613e9a9480d5f5f41b99b23f4e,509b9d0be086f1a8d8ab8b7af4965c28dc79a1db686b4fdf1a940d5b821666cf,20260924T214530147999Z,aed397a0e24e8b5024a8aa01841cc7441b1c3068ba5b438c1261d8dc359c506e,a5f05f05cb5509e26d3a751a49a59785000553099a2238e5bf2be4c9602783af,53,148,ablation:haar,inherited,stm_memory,2.170840383087581,exact,1,0,"{""mc_total"": 2.563507090247272, ""mc_k0"": 0.392666707159691}",3.13.12,default.qubit,cpu,float64,,"{""task_generation"": 0.0001917000045068562, ""feature_extraction"": 0.7467885999940336, ""readout_training"": 0.04042540001682937}"
64a52320-b635-41be-8970-641c6782ccfc,True,8ed2df4d082ee6613e9a9480d5f5f41b99b23f4e,509b9d0be086f1a8d8ab8b7af4965c28dc79a1db686b4fdf1a940d5b821666cf,20260924T214530147999Z,aed397a0e24e8b5024a8aa01841cc7441b1c3068ba5b438c1261d8dc359c506e,be3865215f54b4c0f3e88607fe36690e03879bb045290706e75e51a31e2e90f6,42,137,ablation:haar,inherited,stm_memory,0.28957161578907337,exact,1,0,"{""mc_total"": 0.3831391842163101, ""mc_k0"": 0.09356756842723674}",3.13.12,default.qubit,cpu,float64,,"{""task_generation"": 0.0021450000058393925, ""feature_extraction"": 1.2602123999968171, ""readout_training"": 0.05170019998331554}"
46b151b6-37f7-4613-944e-c0d5e44ad7bf,True,8ed2df4d082ee6613e9a9480d5f5f41b99b23f4e,509b9d0be086f1a8d8ab8b7af4965c28dc79a1db686b4fdf1a940d5b821666cf,20260924T214530147999Z,aed397a0e24e8b5024a8aa01841cc7441b1c3068ba5b438c1261d8dc359c506e,7dce0ad430beaf24a2f979883adafc4acf553356c012f6bfbb66d6f024ee0062,42,137,ablation:haar,inherited,stm_memory,0.10104781573643389,exact,1,0,"{""mc_total"": 0.4790347391296031, ""mc_k0"": 0.3779869233931692}",3.13.12,default.qubit,cpu,float64,,"{""task_generation"": 0.0021450000058393925, ""feature_extraction"": 1.1738200999971014, ""readout_training"": 0.04108819999964908}"
a63ab85f-92a3-44be-b4e5-d8b3e92faac6,True,8ed2df4d082ee6613e9a9480d5f5f41b99b23f4e,509b9d0be086f1a8d8ab8b7af4965c28dc79a1db686b4fdf1a940d5b821666cf,20260924T214530147999Z,aed397a0e24e8b5024a8aa01841cc7441b1c3068ba5b438c1261d8dc359c506e,f0f3505638619cf9b41daecceef1dccca8f803989622efdc3a284a61876e1dd0,43,138,ablation:haar,inherited,stm_memory,0.21782457104875066,exact,1,0,"{""mc_total"": 0.39944961000154056, ""mc_k0"": 0.1816250389527899}",3.13.12,default.qubit,cpu,float64,,"{""task_generation"": 0.0002562000008765608, ""feature_extraction"": 1.2512590999831446, ""readout_training"": 0.049621100013609976}"
67ab9db2-6fa4-4ef9-b8b3-221210aeb341,True,8ed2df4d082ee6613e9a9480d5f5f41b99b23f4e,509b9d0be086f1a8d8ab8b7af4965c28dc79a1db686b4fdf1a940d5b821666cf,20260924T214530147999Z,aed397a0e24e8b5024a8aa01841cc7441b1c3068ba5b438c1261d8dc359c506e,575482a9fdcd751775494a1d95721e2cd46a432da087b64e27732df022120c55,43,138,ablation:haar,inherited,stm_memory,0.19984784093455926,exact,1,0,"{""mc_total"": 0.5375275929714273, ""mc_k0"": 0.337679752036868}",3.13.12,default.qubit,cpu,float64,,"{""task_generation"": 0.0002562000008765608, ""feature_extraction"": 1.1862152999965474, ""readout_training"": 0.04648509999969974}"
eb1a9863-d158-4969-91db-c3809d10e6b7,True,8ed2df4d082ee6613e9a9480d5f5f41b99b23f4e,509b9d0be086f1a8d8ab8b7af4965c28dc79a1db686b4fdf1a940d5b821666cf,20260924T214530147999Z,aed397a0e24e8b5024a8aa01841cc7441b1c3068ba5b438c1261d8dc359c506e,7d100e4a1541b84619546c6ffa02f562c4243caac6fb58fc2704e7b8b50c2d16,44,139,ablation:haar,inherited,stm_memory,0.30092823768215154,exact,1,0,"{""mc_total"": 0.42865140062046375, ""mc_k0"": 0.1277231629383122}",3.13.12,default.qubit,cpu,float64,,"{""task_generation"": 0.0002271000121254474, ""feature_extraction"": 1.285694100020919, ""readout_training"": 0.04800300000351854}"
2bb9f53a-0c9d-4254-a89b-e1bd8b74bb1e,True,8ed2df4d082ee6613e9a9480d5f5f41b99b23f4e,509b9d0be086f1a8d8ab8b7af4965c28dc79a1db686b4fdf1a940d5b821666cf,20260924T214530147999Z,aed397a0e24e8b5024a8aa01841cc7441b1c3068ba5b438c1261d8dc359c506e,155b5cec0c05ee3f59179f6c13459364118cdb25b0df9d00ca43385f689c9799,44,139,ablation:haar,inherited,stm_memory,0.15317064064459607,exact,1,0,"{""mc_total"": 0.6621927737860985, ""mc_k0"": 0.5090221331415025}",3.13.12,default.qubit,cpu,float64,,"{""task_generation"": 0.0002271000121254474, ""feature_extraction"": 1.2138745999836829, ""readout_training"": 0.05375069999718107}"
94cf8e30-15c5-4707-a629-151096362c16,True,8ed2df4d082ee6613e9a9480d5f5f41b99b23f4e,509b9d0be086f1a8d8ab8b7af4965c28dc79a1db686b4fdf1a940d5b821666cf,20260924T214530147999Z,aed397a0e24e8b5024a8aa01841cc7441b1c3068ba5b438c1261d8dc359c506e,83e227d9da592fc0aebb9802c75cfd14fef1e46903811f0c570c9e99c71262e9,45,140,ablation:haar,inherited,stm_memory,0.33241362882205105,exact,1,0,"{""mc_total"": 0.3401616068548271, ""mc_k0"": 0.007747978032776048}",3.13.12,default.qubit,cpu,float64,,"{""task_generation"": 0.0001951000012923032, ""feature_extraction"": 1.4377177999995183, ""readout_training"": 0.05155500001274049}"
93b9e348-d351-4e57-83e6-0d2d9e4a2a22,True,8ed2df4d082ee6613e9a9480d5f5f41b99b23f4e,509b9d0be086f1a8d8ab8b7af4965c28dc79a1db686b4fdf1a940d5b821666cf,20260924T214530147999Z,aed397a0e24e8b5024a8aa01841cc7441b1c3068ba5b438c1261d8dc359c506e,074e7dc975eec794427e96fd2305ac2547c693ead2d716a77d685698f99c1475,45,140,ablation:haar,inherited,stm_memory,0.1675272640508323,exact,1,0,"{""mc_total"": 0.8089050568899822, ""mc_k0"": 0.6413777928391499}",3.13.12,default.qubit,cpu,float64,,"{""task_generation"": 0.0001951000012923032, ""feature_extraction"": 1.3073781999992207, ""readout_training"": 0.039243799983523786}"
a6f79fcf-d9af-4ff0-a8b4-bcef4ee39065,True,8ed2df4d082ee6613e9a9480d5f5f41b99b23f4e,509b9d0be086f1a8d8ab8b7af4965c28dc79a1db686b4fdf1a940d5b821666cf,20260924T214530147999Z,aed397a0e24e8b5024a8aa01841cc7441b1c3068ba5b438c1261d8dc359c506e,440ce52d1308d2a07d61df919bf4fbaf2d8922864b5173822a056c43d6c20f3c,46,141,ablation:haar,inherited,stm_memory,0.2421776471060175,exact,1,0,"{""mc_total"": 0.3278786822721221, ""mc_k0"": 0.08570103516610458}",3.13.12,default.qubit,cpu,float64,,"{""task_generation"": 0.0002135000249836594, ""feature_extraction"": 1.2419570999918506, ""readout_training"": 0.040118100005201995}"
6aabee66-812e-425c-b9fc-2e98264891e1,True,8ed2df4d082ee6613e9a9480d5f5f41b99b23f4e,509b9d0be086f1a8d8ab8b7af4965c28dc79a1db686b4fdf1a940d5b821666cf,20260924T214530147999Z,aed397a0e24e8b5024a8aa01841cc7441b1c3068ba5b438c1261d8dc359c506e,c7980f191cd100749292f6756789d6c5044917f612e77486aee7c692d61c0640,46,141,ablation:haar,inherited,stm_memory,0.1734912894525551,exact,1,0,"{""mc_total"": 0.6157939512179452, ""mc_k0"": 0.4423026617653901}",3.13.12,default.qubit,cpu,float64,,"{""task_generation"": 0.0002135000249836594, ""feature_extraction"": 1.1900061999913305, ""readout_training"": 0.040842499991413206}"
d386ca9d-0233-4fdb-a851-83901410e4b7,True,8ed2df4d082ee6613e9a9480d5f5f41b99b23f4e,509b9d0be086f1a8d8ab8b7af4965c28dc79a1db686b4fdf1a940d5b821666cf,20260924T214530147999Z,aed397a0e24e8b5024a8aa01841cc7441b1c3068ba5b438c1261d8dc359c506e,5289e2896563be24fcf3fcf880d5aa466f55109de6d3eae6b5292e12ced90aa9,47,142,ablation:haar,inherited,stm_memory,0.19457815922666838,exact,1,0,"{""mc_total"": 0.24158095037703126, ""mc_k0"": 0.04700279115036288}",3.13.12,default.qubit,cpu,float64,,"{""task_generation"": 0.00021379999816417694, ""feature_extraction"": 1.2577426000207197, ""readout_training"": 0.040066100016701967}"
fa0cff89-6fba-4a1c-bcde-72cc6f2f96b5,True,8ed2df4d082ee6613e9a9480d5f5f41b99b23f4e,509b9d0be086f1a8d8ab8b7af4965c28dc79a1db686b4fdf1a940d5b821666cf,20260924T214530147999Z,aed397a0e24e8b5024a8aa01841cc7441b1c3068ba5b438c1261d8dc359c506e,60ed45299276fef3e367b47e258b6c41ff1a93584d335a66abbd10aaa8e1063e,47,142,ablation:haar,inherited,stm_memory,0.10941622922426407,exact,1,0,"{""mc_total"": 0.8489482567036187, ""mc_k0"": 0.7395320274793546}",3.13.12,default.qubit,cpu,float64,,"{""task_generation"": 0.00021379999816417694, ""feature_extraction"": 1.1850398000096902, ""readout_training"": 0.04175609999219887}"
d34af34f-48bf-410e-98b5-8482e268d4bc,True,8ed2df4d082ee6613e9a9480d5f5f41b99b23f4e,509b9d0be086f1a8d8ab8b7af4965c28dc79a1db686b4fdf1a940d5b821666cf,20260924T214530147999Z,aed397a0e24e8b5024a8aa01841cc7441b1c3068ba5b438c1261d8dc359c506e,1050afe71a645eb44eaa2fce69d413129cb1eb3df9cf1696e900e49cfd6409a0,48,143,ablation:haar,inherited,stm_memory,0.3560252123563259,exact,1,0,"{""mc_total"": 0.35637456383188537, ""mc_k0"": 0.00034935147555947843}",3.13.12,default.qubit,cpu,float64,,"{""task_generation"": 0.00015440001152455807, ""feature_extraction"": 1.2823211000068113, ""readout_training"": 0.05627969998749904}"
4a2c4f4b-0f8a-4750-a65e-67e023d0ba05,True,8ed2df4d082ee6613e9a9480d5f5f41b99b23f4e,509b9d0be086f1a8d8ab8b7af4965c28dc79a1db686b4fdf1a940d5b821666cf,20260924T214530147999Z,aed397a0e24e8b5024a8aa01841cc7441b1c3068ba5b438c1261d8dc359c506e,a8dbed992d1b3aaec3fdda67c724e30dc6933681dc5187438b9e852401023b72,48,143,ablation:haar,inherited,stm_memory,0.05610102192723653,exact,1,0,"{""mc_total"": 0.6944564453337952, ""mc_k0"": 0.6383554234065587}",3.13.12,default.qubit,cpu,float64,,"{""task_generation"": 0.00015440001152455807, ""feature_extraction"": 1.3365476000180934, ""readout_training"": 0.04548110000905581}"
86a12683-089a-4c82-9b69-9b0c9beb9d97,True,8ed2df4d082ee6613e9a9480d5f5f41b99b23f4e,509b9d0be086f1a8d8ab8b7af4965c28dc79a1db686b4fdf1a940d5b821666cf,20260924T214530147999Z,aed397a0e24e8b5024a8aa01841cc7441b1c3068ba5b438c1261d8dc359c506e,43bff8cd9309077098b4ddc8ddc22a44e8c2257109b9f451aaeab4b228f18da2,49,144,ablation:haar,inherited,stm_memory,0.1915053844208106,exact,1,0,"{""mc_total"": 0.22012621809145533, ""mc_k0"": 0.02862083367064472}",3.13.12,default.qubit,cpu,float64,,"{""task_generation"": 0.00016029999824240804, ""feature_extraction"": 1.309674799995264, ""readout_training"": 0.04050610002013855}"
348cd8ad-8af2-4c19-a881-441b230bfd8d,True,8ed2df4d082ee6613e9a9480d5f5f41b99b23f4e,509b9d0be086f1a8d8ab8b7af4965c28dc79a1db686b4fdf1a940d5b821666cf,20260924T214530147999Z,aed397a0e24e8b5024a8aa01841cc7441b1c3068ba5b438c1261d8dc359c506e,a5ed7b13efb8e709412fbf5af83a8a9b5643ef8fdce5570f6a97ea07bf8758de,49,144,ablation:haar,inherited,stm_memory,0.1578330381766913,exact,1,0,"{""mc_total"": 0.6095511088054185, ""mc_k0"": 0.4517180706287272}",3.13.12,default.qubit,cpu,float64,,"{""task_generation"": 0.00016029999824240804, ""feature_extraction"": 1.209464699990349, ""readout_training"": 0.03640769998310134}"
986be17c-cbb5-4132-9427-3b080f17750c,True,8ed2df4d082ee6613e9a9480d5f5f41b99b23f4e,509b9d0be086f1a8d8ab8b7af4965c28dc79a1db686b4fdf1a940d5b821666cf,20260924T214530147999Z,aed397a0e24e8b5024a8aa01841cc7441b1c3068ba5b438c1261d8dc359c506e,6daa0a30ab9db358f812e9ca4981e632a68176fcfc7fab7ee923f273c6048e54,50,145,ablation:haar,inherited,stm_memory,0.4391605047552703,exact,1,0,"{""mc_total"": 0.5289030523750814, ""mc_k0"": 0.0897425476198111}",3.13.12,default.qubit,cpu,float64,,"{""task_generation"": 0.00022800001897849143, ""feature_extraction"": 1.2693916000134777, ""readout_training"": 0.04341199999907985}"
7e5d65fa-e8df-41f8-b7db-b228ff1a312f,True,8ed2df4d082ee6613e9a9480d5f5f41b99b23f4e,509b9d0be086f1a8d8ab8b7af4965c28dc79a1db686b4fdf1a940d5b821666cf,20260924T214530147999Z,aed397a0e24e8b5024a8aa01841cc7441b1c3068ba5b438c1261d8dc359c506e,c844521020a70a4916afc9b652c3a78fe08e0c147ba423f47a739356ccf4658d,50,145,ablation:haar,inherited,stm_memory,0.18039961099147397,exact,1,0,"{""mc_total"": 0.5101737504547307, ""mc_k0"": 0.32977413946325673}",3.13.12,default.qubit,cpu,float64,,"{""task_generation"": 0.00022800001897849143, ""feature_extraction"": 1.224753900023643, ""readout_training"": 0.0377495999855455}"
6d267468-60e5-48e6-b23e-8fd8fdc17baf,True,8ed2df4d082ee6613e9a9480d5f5f41b99b23f4e,509b9d0be086f1a8d8ab8b7af4965c28dc79a1db686b4fdf1a940d5b821666cf,20260924T214530147999Z,aed397a0e24e8b5024a8aa01841cc7441b1c3068ba5b438c1261d8dc359c506e,2d0c64d0f2b5bb8d27e1162ceb7f1209da73cb5419e406bb0acd1d7c8372268f,51,146,ablation:haar,inherited,stm_memory,0.27680430598318573,exact,1,0,"{""mc_total"": 0.3380109028847975, ""mc_k0"": 0.06120659690161179}",3.13.12,default.qubit,cpu,float64,,"{""task_generation"": 0.00014719998580403626, ""feature_extraction"": 1.2243445999920368, ""readout_training"": 0.052055599982850254}"
9f181bde-ffc4-4e7f-a436-9652df268594,True,8ed2df4d082ee6613e9a9480d5f5f41b99b23f4e,509b9d0be086f1a8d8ab8b7af4965c28dc79a1db686b4fdf1a940d5b821666cf,20260924T214530147999Z,aed397a0e24e8b5024a8aa01841cc7441b1c3068ba5b438c1261d8dc359c506e,3d4a9fd872514bf90ba6a8b33216ac94c5a18503b6dbff24963d30a848747abf,51,146,ablation:haar,inherited,stm_memory,0.10170669454443175,exact,1,0,"{""mc_total"": 0.646172382794582, ""mc_k0"": 0.5444656882501503}",3.13.12,default.qubit,cpu,float64,,"{""task_generation"": 0.00014719998580403626, ""feature_extraction"": 1.2114089999813586, ""readout_training"": 0.041060700023081154}"
1d2879c9-ecd8-4408-a2cd-1a8292335ff8,True,8ed2df4d082ee6613e9a9480d5f5f41b99b23f4e,509b9d0be086f1a8d8ab8b7af4965c28dc79a1db686b4fdf1a940d5b821666cf,20260924T214530147999Z,aed397a0e24e8b5024a8aa01841cc7441b1c3068ba5b438c1261d8dc359c506e,13c1792ad07c0d2af91aa771aad6cae7302b1ffbf1cfc54783aed382277a2ac4,52,147,ablation:haar,inherited,stm_memory,0.5686283118970081,exact,1,0,"{""mc_total"": 0.6879609705203482, ""mc_k0"": 0.11933265862334008}",3.13.12,default.qubit,cpu,float64,,"{""task_generation"": 0.00018319999799132347, ""feature_extraction"": 1.2631375000055414, ""readout_training"": 0.04748140001902357}"
e7823bc3-da72-4751-97a9-feaa300afec8,True,8ed2df4d082ee6613e9a9480d5f5f41b99b23f4e,509b9d0be086f1a8d8ab8b7af4965c28dc79a1db686b4fdf1a940d5b821666cf,20260924T214530147999Z,aed397a0e24e8b5024a8aa01841cc7441b1c3068ba5b438c1261d8dc359c506e,7eb9cd869c712fdfe55b362dbf570287e1036c4467c2387777c4a100e0e2fb6d,52,147,ablation:haar,inherited,stm_memory,0.1258911569365662,exact,1,0,"{""mc_total"": 0.805599984304345, ""mc_k0"": 0.6797088273677788}",3.13.12,default.qubit,cpu,float64,,"{""task_generation"": 0.00018319999799132347, ""feature_extraction"": 1.2185461000190116, ""readout_training"": 0.05189480000990443}"
6f253e68-19f0-457d-8a28-83d850c09cf7,True,8ed2df4d082ee6613e9a9480d5f5f41b99b23f4e,509b9d0be086f1a8d8ab8b7af4965c28dc79a1db686b4fdf1a940d5b821666cf,20260924T214530147999Z,aed397a0e24e8b5024a8aa01841cc7441b1c3068ba5b438c1261d8dc359c506e,dcd2241feec7db5944f7e41210d6f74b503a60cde5c18a6400a2e0cc6c61200f,53,148,ablation:haar,inherited,stm_memory,0.08803795437884816,exact,1,0,"{""mc_total"": 0.08893751578853151, ""mc_k0"": 0.0008995614096833499}",3.13.12,default.qubit,cpu,float64,,"{""task_generation"": 0.0002410999732092023, ""feature_extraction"": 1.374374800012447, ""readout_training"": 0.04399150001700036}"
93b0fadd-0517-4426-b696-2ae022363333,True,8ed2df4d082ee6613e9a9480d5f5f41b99b23f4e,509b9d0be086f1a8d8ab8b7af4965c28dc79a1db686b4fdf1a940d5b821666cf,20260924T214530147999Z,aed397a0e24e8b5024a8aa01841cc7441b1c3068ba5b438c1261d8dc359c506e,5395ff8f5411deb49521f3432bd934118741465c9bd87797d09c42b0dfc4f0c2,53,148,ablation:haar,inherited,stm_memory,0.12541845058869802,exact,1,0,"{""mc_total"": 0.29096276910646307, ""mc_k0"": 0.16554431851776505}",3.13.12,default.qubit,cpu,float64,,"{""task_generation"": 0.0002410999732092023, ""feature_extraction"": 1.1713456999859773, ""readout_training"": 0.044399899983545765}"
ae953ca4-5713-4049-8b7b-75698bbe8efe,True,8ed2df4d082ee6613e9a9480d5f5f41b99b23f4e,509b9d0be086f1a8d8ab8b7af4965c28dc79a1db686b4fdf1a940d5b821666cf,20260924T214530147999Z,aed397a0e24e8b5024a8aa01841cc7441b1c3068ba5b438c1261d8dc359c506e,3b56feb3bdfe5fd0f31c0e186e64fc060c089ab1c90d2e8ded331ef323da69eb,42,137,esn,tuned,stm_memory,2.742475063459824,exact,60,300,"{""mc_total"": 3.7423632913866753, ""mc_k0"": 0.9998882279268515}",3.13.12,numpy_esn,cpu,float64,,"{""task_generation"": 0.002596299978904426, ""reservoir_build"": 0.00037960000918246806, ""feature_extraction"": 0.0020425999828148633, ""readout_training"": 0.05180419998941943}"
154c0f36-a6bc-480a-a4f7-853a331787fc,True,8ed2df4d082ee6613e9a9480d5f5f41b99b23f4e,509b9d0be086f1a8d8ab8b7af4965c28dc79a1db686b4fdf1a940d5b821666cf,20260924T214530147999Z,aed397a0e24e8b5024a8aa01841cc7441b1c3068ba5b438c1261d8dc359c506e,f048e69c2cbed37ebd04d5cf6f71e22ec416822f97af284254ae3961ec9edd31,43,138,esn,tuned,stm_memory,2.573542893107945,exact,60,300,"{""mc_total"": 3.5730745728826157, ""mc_k0"": 0.9995316797746705}",3.13.12,numpy_esn,cpu,float64,,"{""task_generation"": 0.00015459998394362628, ""reservoir_build"": 0.0001917000045068562, ""feature_extraction"": 0.0016778999997768551, ""readout_training"": 0.04264649999095127}"
ddecd5f3-8c00-472a-bfc3-f6692826dcab,True,8ed2df4d082ee6613e9a9480d5f5f41b99b23f4e,509b9d0be086f1a8d8ab8b7af4965c28dc79a1db686b4fdf1a940d5b821666cf,20260924T214530147999Z,aed397a0e24e8b5024a8aa01841cc7441b1c3068ba5b438c1261d8dc359c506e,066ae08896193f53024e6eeb21a76013ffbfcd4527be0de3bcd7ef63cfaad7eb,44,139,esn,tuned,stm_memory,3.0640728578323957,exact,60,300,"{""mc_total"": 4.054583472832055, ""mc_k0"": 0.9905106149996596}",3.13.12,numpy_esn,cpu,float64,,"{""task_generation"": 0.00022109999554231763, ""reservoir_build"": 0.0002179000002797693, ""feature_extraction"": 0.0026490000018384308, ""readout_training"": 0.05117910000262782}"
f9a60970-de78-4d48-8f0e-3ddae7dd4df9,True,8ed2df4d082ee6613e9a9480d5f5f41b99b23f4e,509b9d0be086f1a8d8ab8b7af4965c28dc79a1db686b4fdf1a940d5b821666cf,20260924T214530147999Z,aed397a0e24e8b5024a8aa01841cc7441b1c3068ba5b438c1261d8dc359c506e,32a7d8b9cbcdb1e27c5c0fa65611a04a339233a8e40822758ee96769a1d370ae,45,140,esn,tuned,stm_memory,3.32001019049087,exact,60,300,"{""mc_total"": 4.1943906305561915, ""mc_k0"": 0.8743804400653215}",3.13.12,numpy_esn,cpu,float64,,"{""task_generation"": 0.00016189998132176697, ""reservoir_build"": 0.00015389997861348093, ""feature_extraction"": 0.0022714000078849494, ""readout_training"": 0.04632850000052713}"
81090ba3-741c-4710-a9fe-d570cfb46b73,True,8ed2df4d082ee6613e9a9480d5f5f41b99b23f4e,509b9d0be086f1a8d8ab8b7af4965c28dc79a1db686b4fdf1a940d5b821666cf,20260924T214530147999Z,aed397a0e24e8b5024a8aa01841cc7441b1c3068ba5b438c1261d8dc359c506e,4b39ab23485586b313d6925ce4d1b8cb56309194c912a95731de1c0c13417617,46,141,esn,tuned,stm_memory,2.906675932207113,exact,60,300,"{""mc_total"": 3.9049967975862296, ""mc_k0"": 0.9983208653791165}",3.13.12,numpy_esn,cpu,float64,,"{""task_generation"": 0.0002043000131379813, ""reservoir_build"": 0.00019920000340789557, ""feature_extraction"": 0.0017716999864205718, ""readout_training"": 0.057716500014066696}"
6ff0361d-765c-45ca-b5f2-5ef2eaaae729,True,8ed2df4d082ee6613e9a9480d5f5f41b99b23f4e,509b9d0be086f1a8d8ab8b7af4965c28dc79a1db686b4fdf1a940d5b821666cf,20260924T214530147999Z,aed397a0e24e8b5024a8aa01841cc7441b1c3068ba5b438c1261d8dc359c506e,d9f8331c41635fab3c9276b96a26e4967c9d23ae2760fd68b59a96f4e7a80435,47,142,esn,tuned,stm_memory,3.2389806985396077,exact,60,300,"{""mc_total"": 4.2226072561030925, ""mc_k0"": 0.9836265575634848}",3.13.12,numpy_esn,cpu,float64,,"{""task_generation"": 0.00017320000915788114, ""reservoir_build"": 0.0001674999948590994, ""feature_extraction"": 0.001724699977785349, ""readout_training"": 0.04663299999083392}"
2830afa9-776a-4ed2-a6cd-5586a906dc6d,True,8ed2df4d082ee6613e9a9480d5f5f41b99b23f4e,509b9d0be086f1a8d8ab8b7af4965c28dc79a1db686b4fdf1a940d5b821666cf,20260924T214530147999Z,aed397a0e24e8b5024a8aa01841cc7441b1c3068ba5b438c1261d8dc359c506e,60d58f8fed3977e16a5c11b63a9bc6d93700a57c428f5020e0fa1c5d08186951,48,143,esn,tuned,stm_memory,2.430428170170591,exact,60,300,"{""mc_total"": 3.3998428672357384, ""mc_k0"": 0.9694146970651474}",3.13.12,numpy_esn,cpu,float64,,"{""task_generation"": 0.00019320001592859626, ""reservoir_build"": 0.00020479998784139752, ""feature_extraction"": 0.003104100003838539, ""readout_training"": 0.044634099991526455}"
1d268dec-b936-4bab-8fbf-28f8bcfc636c,True,8ed2df4d082ee6613e9a9480d5f5f41b99b23f4e,509b9d0be086f1a8d8ab8b7af4965c28dc79a1db686b4fdf1a940d5b821666cf,20260924T214530147999Z,aed397a0e24e8b5024a8aa01841cc7441b1c3068ba5b438c1261d8dc359c506e,a1d2e579a7b3b7a2873e3e0995b3134e9e0c19dab0a462485454a4f55de10597,49,144,esn,tuned,stm_memory,2.9225991285345874,exact,60,300,"{""mc_total"": 3.9156978883590527, ""mc_k0"": 0.9930987598244654}",3.13.12,numpy_esn,cpu,float64,,"{""task_generation"": 0.00032869999995455146, ""reservoir_build"": 0.0002623000182211399, ""feature_extraction"": 0.003857599978800863, ""readout_training"": 0.06833360000746325}"
cee30a61-3cab-4b9c-bfa1-ccf443b10787,True,8ed2df4d082ee6613e9a9480d5f5f41b99b23f4e,509b9d0be086f1a8d8ab8b7af4965c28dc79a1db686b4fdf1a940d5b821666cf,20260924T214530147999Z,aed397a0e24e8b5024a8aa01841cc7441b1c3068ba5b438c1261d8dc359c506e,2a4b9ad0d66f4b2a812caaa48573e519b345ea894ae60a46b68385d148addf9a,50,145,esn,tuned,stm_memory,3.118191206112964,exact,60,300,"{""mc_total"": 4.117963951078703, ""mc_k0"": 0.9997727449657394}",3.13.12,numpy_esn,cpu,float64,,"{""task_generation"": 0.00035370001569390297, ""reservoir_build"": 0.0003354000218678266, ""feature_extraction"": 0.002080999984173104, ""readout_training"": 0.047892000002320856}"
1428d9fd-dcd1-4890-929e-90ca207fc893,True,8ed2df4d082ee6613e9a9480d5f5f41b99b23f4e,509b9d0be086f1a8d8ab8b7af4965c28dc79a1db686b4fdf1a940d5b821666cf,20260924T214530147999Z,aed397a0e24e8b5024a8aa01841cc7441b1c3068ba5b438c1261d8dc359c506e,d40771fb0fd6ecc6e32e2557fae9b301c2517baf32ca42a0b1e1a67bd92c1749,51,146,esn,tuned,stm_memory,2.8938291930123365,exact,60,300,"{""mc_total"": 3.825637382698439, ""mc_k0"": 0.9318081896861026}",3.13.12,numpy_esn,cpu,float64,,"{""task_generation"": 0.00023430000874213874, ""reservoir_build"": 0.00022929999977350235, ""feature_extraction"": 0.0029149999900255352, ""readout_training"": 0.06129730000975542}"
8ccdfd07-2681-48bf-8113-efe0f434aceb,True,8ed2df4d082ee6613e9a9480d5f5f41b99b23f4e,509b9d0be086f1a8d8ab8b7af4965c28dc79a1db686b4fdf1a940d5b821666cf,20260924T214530147999Z,aed397a0e24e8b5024a8aa01841cc7441b1c3068ba5b438c1261d8dc359c506e,5ea432a357c3602f1f55b8de96f05a5935eaacaa30048221361c22a8604d1ea9,52,147,esn,tuned,stm_memory,2.7606033173169457,exact,60,300,"{""mc_total"": 3.719135292130349, ""mc_k0"": 0.9585319748134031}",3.13.12,numpy_esn,cpu,float64,,"{""task_generation"": 0.00025949999690055847, ""reservoir_build"": 0.0002373000024817884, ""feature_extraction"": 0.003299700008938089, ""readout_training"": 0.06244860001606867}"
d3b7b0c2-74f2-46c4-9708-f4ebca6945ce,True,8ed2df4d082ee6613e9a9480d5f5f41b99b23f4e,509b9d0be086f1a8d8ab8b7af4965c28dc79a1db686b4fdf1a940d5b821666cf,20260924T214530147999Z,aed397a0e24e8b5024a8aa01841cc7441b1c3068ba5b438c1261d8dc359c506e,8739b7a30a0eb730af93265a3ad54b3f189a6d686af0ee6e40fa673d6d1e1bc0,53,148,esn,tuned,stm_memory,2.916068595891902,exact,60,300,"{""mc_total"": 3.6793260477161667, ""mc_k0"": 0.7632574518242645}",3.13.12,numpy_esn,cpu,float64,,"{""task_generation"": 0.0002919999824371189, ""reservoir_build"": 0.0003234000178053975, ""feature_extraction"": 0.0031519999902229756, ""readout_training"": 0.06559529999503866}"
af57e02b-44f6-455d-bc48-195fa6ecb005,True,8ed2df4d082ee6613e9a9480d5f5f41b99b23f4e,509b9d0be086f1a8d8ab8b7af4965c28dc79a1db686b4fdf1a940d5b821666cf,20260924T214530147999Z,aed397a0e24e8b5024a8aa01841cc7441b1c3068ba5b438c1261d8dc359c506e,0e54e7d071853426f61cfc06727b8550ebc92d9e308ec997d6461b7ffa95266e,42,137,rks,tuned,stm_memory,3.0854216896205173,exact,60,300,"{""mc_total"": 4.0833972963733745, ""mc_k0"": 0.9979756067528571}",3.13.12,numpy_rks,cpu,float64,,"{""task_generation"": 0.00033629999961704016, ""reservoir_build"": 0.00022670000907965004, ""feature_extraction"": 0.0001660000125411898, ""readout_training"": 0.057495699991704896}"
f6183b8d-41fb-4ccf-8b3c-8a2c54f63de9,True,8ed2df4d082ee6613e9a9480d5f5f41b99b23f4e,509b9d0be086f1a8d8ab8b7af4965c28dc79a1db686b4fdf1a940d5b821666cf,20260924T214530147999Z,aed397a0e24e8b5024a8aa01841cc7441b1c3068ba5b438c1261d8dc359c506e,6976e43aa45e2d3429933c1609d694e0767a1869719f7937e90ad7bcafbd00f1,43,138,rks,tuned,stm_memory,3.0701567000063954,exact,60,300,"{""mc_total"": 3.230189693317069, ""mc_k0"": 0.16003299331067344}",3.13.12,numpy_rks,cpu,float64,,"{""task_generation"": 0.0003281999961473048, ""reservoir_build"": 0.0001196000084746629, ""feature_extraction"": 9.26000066101551e-05, ""readout_training"": 0.05219940000097267}"
950336c5-3e73-42ae-a3c1-6fb9ff6c9768,True,8ed2df4d082ee6613e9a9480d5f5f41b99b23f4e,509b9d0be086f1a8d8ab8b7af4965c28dc79a1db686b4fdf1a940d5b821666cf,20260924T214530147999Z,aed397a0e24e8b5024a8aa01841cc7441b1c3068ba5b438c1261d8dc359c506e,4192901b8db5f09d5dafe0a092eaf2a7a560ee7ece1f6c64e626f30561d98976,44,139,rks,tuned,stm_memory,3.18460755456861,exact,60,300,"{""mc_total"": 4.184494011131332, ""mc_k0"": 0.9998864565627223}",3.13.12,numpy_rks,cpu,float64,,"{""task_generation"": 0.00018350000027567148, ""reservoir_build"": 8.870000601746142e-05, ""feature_extraction"": 0.0001637000241316855, ""readout_training"": 0.03990730000077747}"
578391b2-c069-43a0-9654-38aae49a5ff4,True,8ed2df4d082ee6613e9a9480d5f5f41b99b23f4e,509b9d0be086f1a8d8ab8b7af4965c28dc79a1db686b4fdf1a940d5b821666cf,20260924T214530147999Z,aed397a0e24e8b5024a8aa01841cc7441b1c3068ba5b438c1261d8dc359c506e,b52475c8efb6f2867e1dfddace41a11c7c0f131b0e87677dadb7e3e5a9a0f1e7,45,140,rks,tuned,stm_memory,3.0280167715516777,exact,60,300,"{""mc_total"": 4.027631084643446, ""mc_k0"": 0.9996143130917687}",3.13.12,numpy_rks,cpu,float64,,"{""task_generation"": 0.00014990000636316836, ""reservoir_build"": 7.819998427294195e-05, ""feature_extraction"": 7.259999983943999e-05, ""readout_training"": 0.03116089999093674}"
91fe74de-157b-437d-b905-3cc31d46d142,True,8ed2df4d082ee6613e9a9480d5f5f41b99b23f4e,509b9d0be086f1a8d8ab8b7af4965c28dc79a1db686b4fdf1a940d5b821666cf,20260924T214530147999Z,aed397a0e24e8b5024a8aa01841cc7441b1c3068ba5b438c1261d8dc359c506e,a64623cecdafd0aee76821ef1e5a4e3a027ac705fb015c55d10151eb42b6679d,46,141,rks,tuned,stm_memory,3.1412987891827657,exact,60,300,"{""mc_total"": 4.124431425959151, ""mc_k0"": 0.9831326367763853}",3.13.12,numpy_rks,cpu,float64,,"{""task_generation"": 0.00020969999604858458, ""reservoir_build"": 0.00010070001007989049, ""feature_extraction"": 8.179998258128762e-05, ""readout_training"": 0.055077800003346056}"
51a472e4-3613-45c5-976a-387fcf2789d0,True,8ed2df4d082ee6613e9a9480d5f5f41b99b23f4e,509b9d0be086f1a8d8ab8b7af4965c28dc79a1db686b4fdf1a940d5b821666cf,20260924T214530147999Z,aed397a0e24e8b5024a8aa01841cc7441b1c3068ba5b438c1261d8dc359c506e,95aabf52cf23658aa51dd46fa4400564ef03a43b146116cdd28085754f90fd69,47,142,rks,tuned,stm_memory,2.6798860822757793,exact,60,300,"{""mc_total"": 3.6788318729200933, ""mc_k0"": 0.998945790644314}",3.13.12,numpy_rks,cpu,float64,,"{""task_generation"": 0.0002072999777738005, ""reservoir_build"": 8.900000830180943e-05, ""feature_extraction"": 7.720000576227903e-05, ""readout_training"": 0.056092899991199374}"
f852efe4-bac0-40fe-816d-8e4fd4098205,True,8ed2df4d082ee6613e9a9480d5f5f41b99b23f4e,509b9d0be086f1a8d8ab8b7af4965c28dc79a1db686b4fdf1a940d5b821666cf,20260924T214530147999Z,aed397a0e24e8b5024a8aa01841cc7441b1c3068ba5b438c1261d8dc359c506e,7dbdf61be1db7b594cb2454d5c27d9e9f6318bfa2bfb4d562e96e8be5993d998,48,143,rks,tuned,stm_memory,2.056124888646937,exact,60,300,"{""mc_total"": 3.04722022540266, ""mc_k0"": 0.9910953367557229}",3.13.12,numpy_rks,cpu,float64,,"{""task_generation"": 0.00016350002260878682, ""reservoir_build"": 7.450001430697739e-05, ""feature_extraction"": 6.799999391660094e-05, ""readout_training"": 0.06719510001130402}"
52498ce1-d6be-46de-98fb-e96cfacbc35f,True,8ed2df4d082ee6613e9a9480d5f5f41b99b23f4e,509b9d0be086f1a8d8ab8b7af4965c28dc79a1db686b4fdf1a940d5b821666cf,20260924T214530147999Z,aed397a0e24e8b5024a8aa01841cc7441b1c3068ba5b438c1261d8dc359c506e,d9b20ab2c7432769360e32b4957f0feeb1e4589e5b8bae4233807cf9ea755717,49,144,rks,tuned,stm_memory,1.9764797155684573,exact,60,300,"{""mc_total"": 2.860296809437671, ""mc_k0"": 0.8838170938692138}",3.13.12,numpy_rks,cpu,float64,,"{""task_generation"": 0.00018810000619851053, ""reservoir_build"": 8.610001532360911e-05, ""feature_extraction"": 8.030000026337802e-05, ""readout_training"": 0.0552173999894876}"
971df122-4e61-4085-8762-1ce5ed59659a,True,8ed2df4d082ee6613e9a9480d5f5f41b99b23f4e,509b9d0be086f1a8d8ab8b7af4965c28dc79a1db686b4fdf1a940d5b821666cf,20260924T214530147999Z,aed397a0e24e8b5024a8aa01841cc7441b1c3068ba5b438c1261d8dc359c506e,3d5afd3936d4cbb2fc6e01c175dd741a0231ec43df4453648ee4ed8fa690069c,50,145,rks,tuned,stm_memory,3.1882246746485494,exact,60,300,"{""mc_total"": 3.916613684762853, ""mc_k0"": 0.7283890101143036}",3.13.12,numpy_rks,cpu,float64,,"{""task_generation"": 0.0002852999896276742, ""reservoir_build"": 0.00014670001110062003, ""feature_extraction"": 0.00013070000568404794, ""readout_training"": 0.05344839999452233}"
6b5edef3-2259-426b-bd28-8acc23f2d86f,True,8ed2df4d082ee6613e9a9480d5f5f41b99b23f4e,509b9d0be086f1a8d8ab8b7af4965c28dc79a1db686b4fdf1a940d5b821666cf,20260924T214530147999Z,aed397a0e24e8b5024a8aa01841cc7441b1c3068ba5b438c1261d8dc359c506e,abe55759bbd74c83a1039f4fbda9e351e55bbbbcac1c737c6a39681bf5e78c30,51,146,rks,tuned,stm_memory,3.208821928537618,exact,60,300,"{""mc_total"": 4.208135523907553, ""mc_k0"": 0.9993135953699355}",3.13.12,numpy_rks,cpu,float64,,"{""task_generation"": 0.00019829999655485153, ""reservoir_build"": 9.410001803189516e-05, ""feature_extraction"": 0.00018309999722987413, ""readout_training"": 0.06244759997935034}"
2e526cb7-58d5-4527-b25b-1f9cd0e6f3d4,True,8ed2df4d082ee6613e9a9480d5f5f41b99b23f4e,509b9d0be086f1a8d8ab8b7af4965c28dc79a1db686b4fdf1a940d5b821666cf,20260924T214530147999Z,aed397a0e24e8b5024a8aa01841cc7441b1c3068ba5b438c1261d8dc359c506e,41655793a9763f5e08506654dfbfdc732721d7d7bde3985572831c5706b42fa6,52,147,rks,tuned,stm_memory,2.4612535146173404,exact,60,300,"{""mc_total"": 3.4210946860123834, ""mc_k0"": 0.959841171395043}",3.13.12,numpy_rks,cpu,float64,,"{""task_generation"": 0.00016039999900385737, ""reservoir_build"": 0.00010699999984353781, ""feature_extraction"": 0.00011300001642666757, ""readout_training"": 0.044722899998305365}"
1b588431-f34a-4012-830f-00161a7ac823,True,8ed2df4d082ee6613e9a9480d5f5f41b99b23f4e,509b9d0be086f1a8d8ab8b7af4965c28dc79a1db686b4fdf1a940d5b821666cf,20260924T214530147999Z,aed397a0e24e8b5024a8aa01841cc7441b1c3068ba5b438c1261d8dc359c506e,4973ce6f27aeee3b2c62c92fbfaaf987dea8fde1e5e0cdfb846ce07ba62dfd25,53,148,rks,tuned,stm_memory,2.56823921120594,exact,60,300,"{""mc_total"": 3.3000076389789887, ""mc_k0"": 0.7317684277730487}",3.13.12,numpy_rks,cpu,float64,,"{""task_generation"": 0.0011088000028394163, ""reservoir_build"": 0.0002862999972421676, ""feature_extraction"": 0.00011329998960718513, ""readout_training"": 0.05615560000296682}"
badcb031-45b5-4a57-bead-69b2636c81b5,True,8ed2df4d082ee6613e9a9480d5f5f41b99b23f4e,509b9d0be086f1a8d8ab8b7af4965c28dc79a1db686b4fdf1a940d5b821666cf,20260924T214530147999Z,aed397a0e24e8b5024a8aa01841cc7441b1c3068ba5b438c1261d8dc359c506e,fc40847dccd2723d7bcadb1853dad4e7c9087e19cae404a1c439c561c5107817,42,137,esn,default,stm_memory,2.494979694548889,exact,1,0,"{""mc_total"": 3.4839112091422755, ""mc_k0"": 0.9889315145933866}",3.13.12,numpy_esn,cpu,float64,,"{""task_generation"": 0.002479800023138523, ""reservoir_build"": 0.0003792999777942896, ""feature_extraction"": 0.001920500013511628, ""readout_training"": 0.04460510000353679}"
381eedff-21cf-46b9-ba49-3982b35bf8a4,True,8ed2df4d082ee6613e9a9480d5f5f41b99b23f4e,509b9d0be086f1a8d8ab8b7af4965c28dc79a1db686b4fdf1a940d5b821666cf,20260924T214530147999Z,aed397a0e24e8b5024a8aa01841cc7441b1c3068ba5b438c1261d8dc359c506e,eda68d1e53482162134fe584182d7b2d90be7447a914dc81d448df097137f0bb,43,138,esn,default,stm_memory,2.027550021415608,exact,1,0,"{""mc_total"": 3.020719023210738, ""mc_k0"": 0.9931690017951298}",3.13.12,numpy_esn,cpu,float64,,"{""task_generation"": 0.0002007999864872545, ""reservoir_build"": 0.00031849998049438, ""feature_extraction"": 0.002174699999159202, ""readout_training"": 0.04067099999519996}"
756c6232-5544-43d8-a503-586cc70e6617,True,8ed2df4d082ee6613e9a9480d5f5f41b99b23f4e,509b9d0be086f1a8d8ab8b7af4965c28dc79a1db686b4fdf1a940d5b821666cf,20260924T214530147999Z,aed397a0e24e8b5024a8aa01841cc7441b1c3068ba5b438c1261d8dc359c506e,0ee87efd80facfb084bda28f31b075771ada6c3e9ae6896fd4e36775c92dd92f,44,139,esn,default,stm_memory,1.9790115920375533,exact,1,0,"{""mc_total"": 2.9592021088507834, ""mc_k0"": 0.9801905168132301}",3.13.12,numpy_esn,cpu,float64,,"{""task_generation"": 0.00032049999572336674, ""reservoir_build"": 0.0004030000127386302, ""feature_extraction"": 0.003603000019211322, ""readout_training"": 0.05131209999672137}"
fdef5d45-84af-4efb-ac3d-5451d53b27f7,True,8ed2df4d082ee6613e9a9480d5f5f41b99b23f4e,509b9d0be086f1a8d8ab8b7af4965c28dc79a1db686b4fdf1a940d5b821666cf,20260924T214530147999Z,aed397a0e24e8b5024a8aa01841cc7441b1c3068ba5b438c1261d8dc359c506e,21cdb97c010ac62d75d660a026e94a60297211e0f5d588c6ad061af31bcf1cf9,45,140,esn,default,stm_memory,2.00029002263942,exact,1,0,"{""mc_total"": 2.9732962183422083, ""mc_k0"": 0.9730061957027885}",3.13.12,numpy_esn,cpu,float64,,"{""task_generation"": 0.0002747000253293663, ""reservoir_build"": 0.00029150000773370266, ""feature_extraction"": 0.0034989999840036035, ""readout_training"": 0.033705700014252216}"
bd8a84b1-888d-4ef7-a4cb-fa0da3a0cf87,True,8ed2df4d082ee6613e9a9480d5f5f41b99b23f4e,509b9d0be086f1a8d8ab8b7af4965c28dc79a1db686b4fdf1a940d5b821666cf,20260924T214530147999Z,aed397a0e24e8b5024a8aa01841cc7441b1c3068ba5b438c1261d8dc359c506e,75809c7fa4a19674a3b1d39dcaddf9d7ea90e561b7d42f1fdb221528bdb6dc24,46,141,esn,default,stm_memory,1.8900313805262936,exact,1,0,"{""mc_total"": 2.852825424798782, ""mc_k0"": 0.9627940442724885}",3.13.12,numpy_esn,cpu,float64,,"{""task_generation"": 0.00019189997692592442, ""reservoir_build"": 0.00016349999350495636, ""feature_extraction"": 0.001791699993191287, ""readout_training"": 0.04515459999674931}"
2bad582f-30fc-423e-a020-ecbfa6815b98,True,8ed2df4d082ee6613e9a9480d5f5f41b99b23f4e,509b9d0be086f1a8d8ab8b7af4965c28dc79a1db686b4fdf1a940d5b821666cf,20260924T214530147999Z,aed397a0e24e8b5024a8aa01841cc7441b1c3068ba5b438c1261d8dc359c506e,0e535abcd09023abb6acea9e2891007b0f92f397035369c208254f0f7c85c050,47,142,esn,default,stm_memory,1.6859495448576765,exact,1,0,"{""mc_total"": 2.614559040608949, ""mc_k0"": 0.9286094957512725}",3.13.12,numpy_esn,cpu,float64,,"{""task_generation"": 0.0001925000105984509, ""reservoir_build"": 0.00019409999367780983, ""feature_extraction"": 0.0017643000173848122, ""readout_training"": 0.04687160000321455}"
e23749a3-c692-47e4-afe2-bb44dfedf290,True,8ed2df4d082ee6613e9a9480d5f5f41b99b23f4e,509b9d0be086f1a8d8ab8b7af4965c28dc79a1db686b4fdf1a940d5b821666cf,20260924T214530147999Z,aed397a0e24e8b5024a8aa01841cc7441b1c3068ba5b438c1261d8dc359c506e,327e4b2b84e6d7936550ff0fe11b05df238e32e5423d53ef879dc23471e8d044,48,143,esn,default,stm_memory,1.5594437062031887,exact,1,0,"{""mc_total"": 2.3832409479766157, ""mc_k0"": 0.823797241773427}",3.13.12,numpy_esn,cpu,float64,,"{""task_generation"": 0.00025209999876096845, ""reservoir_build"": 0.0002586999908089638, ""feature_extraction"": 0.002640799997607246, ""readout_training"": 0.07774280000012368}"
330652c9-16ed-4b96-92ce-eb4fdb50d304,True,8ed2df4d082ee6613e9a9480d5f5f41b99b23f4e,509b9d0be086f1a8d8ab8b7af4965c28dc79a1db686b4fdf1a940d5b821666cf,20260924T214530147999Z,aed397a0e24e8b5024a8aa01841cc7441b1c3068ba5b438c1261d8dc359c506e,6ae62c5205df2383ee2e7f5f893bddaee45174f96fd61387f319b2434974ddf7,49,144,esn,default,stm_memory,1.7764874742913548,exact,1,0,"{""mc_total"": 2.769654245858727, ""mc_k0"": 0.9931667715673724}",3.13.12,numpy_esn,cpu,float64,,"{""task_generation"": 0.00021579998428933322, ""reservoir_build"": 0.00025209999876096845, ""feature_extraction"": 0.00286539999069646, ""readout_training"": 0.04936110001290217}"
cab359fc-d18d-4c9b-8d32-bbd6b5bd7133,True,8ed2df4d082ee6613e9a9480d5f5f41b99b23f4e,509b9d0be086f1a8d8ab8b7af4965c28dc79a1db686b4fdf1a940d5b821666cf,20260924T214530147999Z,aed397a0e24e8b5024a8aa01841cc7441b1c3068ba5b438c1261d8dc359c506e,e3b359368492bf54fcc51cdb4727ad84eb3133e9d7432b3101401da65d604a78,50,145,esn,default,stm_memory,1.9043406991523077,exact,1,0,"{""mc_total"": 2.8951754023358527, ""mc_k0"": 0.9908347031835449}",3.13.12,numpy_esn,cpu,float64,,"{""task_generation"": 0.00021719999494962394, ""reservoir_build"": 0.00022459999308921397, ""feature_extraction"": 0.002698600001167506, ""readout_training"": 0.08034719998249784}"
f669916f-9e01-43cd-875a-478140c025f1,True,8ed2df4d082ee6613e9a9480d5f5f41b99b23f4e,509b9d0be086f1a8d8ab8b7af4965c28dc79a1db686b4fdf1a940d5b821666cf,20260924T214530147999Z,aed397a0e24e8b5024a8aa01841cc7441b1c3068ba5b438c1261d8dc359c506e,851180aba4dcddd2b64e415e0eed7791a26e047daf76474e6c4d38a5b22a8572,51,146,esn,default,stm_memory,1.6981852421922785,exact,1,0,"{""mc_total"": 2.608600274491547, ""mc_k0"": 0.9104150322992683}",3.13.12,numpy_esn,cpu,float64,,"{""task_generation"": 0.00036219999310560524, ""reservoir_build"": 0.00030419998802244663, ""feature_extraction"": 0.0032033000024966896, ""readout_training"": 0.06403949999366887}"
c4012345-ac1d-49a5-b5c0-532b75759604,True,8ed2df4d082ee6613e9a9480d5f5f41b99b23f4e,509b9d0be086f1a8d8ab8b7af4965c28dc79a1db686b4fdf1a940d5b821666cf,20260924T214530147999Z,aed397a0e24e8b5024a8aa01841cc7441b1c3068ba5b438c1261d8dc359c506e,bb917aa87f0eab5504141befb394a3da0daa543aa14e6912c6df8a8a90bf8a37,52,147,esn,default,stm_memory,1.942655716885514,exact,1,0,"{""mc_total"": 2.9139582845774377, ""mc_k0"": 0.9713025676919236}",3.13.12,numpy_esn,cpu,float64,,"{""task_generation"": 0.0003352999920025468, ""reservoir_build"": 0.0002742999931797385, ""feature_extraction"": 0.0032155000080820173, ""readout_training"": 0.05750210001133382}"
4f3cb279-9de7-43ed-b3a0-30f8a1b2e988,True,8ed2df4d082ee6613e9a9480d5f5f41b99b23f4e,509b9d0be086f1a8d8ab8b7af4965c28dc79a1db686b4fdf1a940d5b821666cf,20260924T214530147999Z,aed397a0e24e8b5024a8aa01841cc7441b1c3068ba5b438c1261d8dc359c506e,69edc357f38ef2696e27e0beed3a3d6f6e34698ac8fc18b4e0fa6c6d7f051cee,53,148,esn,default,stm_memory,1.634498466271695,exact,1,0,"{""mc_total"": 2.5378120451455497, ""mc_k0"": 0.9033135788738547}",3.13.12,numpy_esn,cpu,float64,,"{""task_generation"": 0.00019829999655485153, ""reservoir_build"": 0.00045540000428445637, ""feature_extraction"": 0.0026626000180840492, ""readout_training"": 0.06553849999909289}"
275a5d16-9650-440e-a669-282c4326add5,True,8ed2df4d082ee6613e9a9480d5f5f41b99b23f4e,509b9d0be086f1a8d8ab8b7af4965c28dc79a1db686b4fdf1a940d5b821666cf,20260924T214530147999Z,b4f56d80b6f9366ef11a9c0ef4a8f5626aaab70d9fc197ac6f9bfe2e99bb6d1c,980396c7af451b45f4890cc24854d45953a0b2eb3f507600764d1230da6bb124,42,137,esn_parity,tuned,accuracy,0.5533333333333333,exact,60,300,{},3.13.12,numpy_esn,cpu,float64,,"{""task_generation"": 0.0038497000059578568, ""reservoir_build"": 0.00042970001231878996, ""feature_extraction"": 0.00470109999878332, ""readout_training"": 0.040485499979695305}"
55c42a7c-b5f4-4e4a-ba20-83bdca1dfea9,True,8ed2df4d082ee6613e9a9480d5f5f41b99b23f4e,509b9d0be086f1a8d8ab8b7af4965c28dc79a1db686b4fdf1a940d5b821666cf,20260924T214530147999Z,b4f56d80b6f9366ef11a9c0ef4a8f5626aaab70d9fc197ac6f9bfe2e99bb6d1c,2ac121c9c0a108d060f8606a6695f397f6c141caf86272505350f9b52f9efad7,43,138,esn_parity,tuned,accuracy,0.43333333333333335,exact,60,300,{},3.13.12,numpy_esn,cpu,float64,,"{""task_generation"": 0.0022006999934092164, ""reservoir_build"": 0.00045849999878555536, ""feature_extraction"": 0.0037358000117819756, ""readout_training"": 0.039321300020674244}"
1df7a03e-4b76-423a-8517-3fcb665a086a,True,8ed2df4d082ee6613e9a9480d5f5f41b99b23f4e,509b9d0be086f1a8d8ab8b7af4965c28dc79a1db686b4fdf1a940d5b821666cf,20260924T214530147999Z,b4f56d80b6f9366ef11a9c0ef4a8f5626aaab70d9fc197ac6f9bfe2e99bb6d1c,064de8554e863f726c5316fbac03666bbb76b33bb5b4a2097530b32caacdb1a3,44,139,esn_parity,tuned,accuracy,0.64,exact,60,300,{},3.13.12,numpy_esn,cpu,float64,,"{""task_generation"": 0.0017552000063005835, ""reservoir_build"": 0.00040469999657943845, ""feature_extraction"": 0.003046900004846975, ""readout_training"": 0.03975419999915175}"
e65285f0-9c97-42b0-beb5-56f4544b60ef,True,8ed2df4d082ee6613e9a9480d5f5f41b99b23f4e,509b9d0be086f1a8d8ab8b7af4965c28dc79a1db686b4fdf1a940d5b821666cf,20260924T214530147999Z,b4f56d80b6f9366ef11a9c0ef4a8f5626aaab70d9fc197ac6f9bfe2e99bb6d1c,864ac5657205055711e94e7be6155c348ed981408a537404527fc577b61b8ea0,45,140,esn_parity,tuned,accuracy,0.44,exact,60,300,{},3.13.12,numpy_esn,cpu,float64,,"{""task_generation"": 0.0007272000075317919, ""reservoir_build"": 0.00017260000458918512, ""feature_extraction"": 0.0024261999933514744, ""readout_training"": 0.040844100003596395}"
8c6fc128-f573-475d-9fcd-f19886e1b734,True,8ed2df4d082ee6613e9a9480d5f5f41b99b23f4e,509b9d0be086f1a8d8ab8b7af4965c28dc79a1db686b4fdf1a940d5b821666cf,20260924T214530147999Z,b4f56d80b6f9366ef11a9c0ef4a8f5626aaab70d9fc197ac6f9bfe2e99bb6d1c,ac11b79fc5218c925930fb7e8aeeb55df02a96b216db1d5b136e82b2d1abbcf2,46,141,esn_parity,tuned,accuracy,0.7,exact,60,300,{},3.13.12,numpy_esn,cpu,float64,,"{""task_generation"": 0.0009568000095896423, ""reservoir_build"": 0.0003767999878618866, ""feature_extraction"": 0.0021766999852843583, ""readout_training"": 0.05109620001167059}"
14fe5295-943f-4187-ba90-da2b88296ca3,True,8ed2df4d082ee6613e9a9480d5f5f41b99b23f4e,509b9d0be086f1a8d8ab8b7af4965c28dc79a1db686b4fdf1a940d5b821666cf,20260924T214530147999Z,b4f56d80b6f9366ef11a9c0ef4a8f5626aaab70d9fc197ac6f9bfe2e99bb6d1c,0e535abcd09023abb6acea9e2891007b0f92f397035369c208254f0f7c85c050,47,142,esn_parity,tuned,accuracy,0.6666666666666666,exact,60,300,{},3.13.12,numpy_esn,cpu,float64,,"{""task_generation"": 0.000751599989598617, ""reservoir_build"": 0.0001951000012923032, ""feature_extraction"": 0.003008400002727285, ""readout_training"": 0.04457889997866005}"
ccd291d1-a48d-478f-b32a-a7ef64a95ce5,True,8ed2df4d082ee6613e9a9480d5f5f41b99b23f4e,509b9d0be086f1a8d8ab8b7af4965c28dc79a1db686b4fdf1a940d5b821666cf,20260924T214530147999Z,b4f56d80b6f9366ef11a9c0ef4a8f5626aaab70d9fc197ac6f9bfe2e99bb6d1c,60eaf9f8bbf1d575090321d28c5fe0b37ac84f4fc7672a74dfbc1a349b4bbe17,48,143,esn_parity,tuned,accuracy,0.4533333333333333,exact,60,300,{},3.13.12,numpy_esn,cpu,float64,,"{""task_generation"": 0.0006906000198796391, ""reservoir_build"": 0.00014109999756328762, ""feature_extraction"": 0.001981400011572987, ""readout_training"": 0.05097129999194294}"
d2fbb63d-55d7-41f4-a8f2-7a3c9b865594,True,8ed2df4d082ee6613e9a9480d5f5f41b99b23f4e,509b9d0be086f1a8d8ab8b7af4965c28dc79a1db686b4fdf1a940d5b821666cf,20260924T214530147999Z,b4f56d80b6f9366ef11a9c0ef4a8f5626aaab70d9fc197ac6f9bfe2e99bb6d1c,0676f4ac694789084f889f88fe909ea473c92f7d39b50e24e60954e8a7a079c1,49,144,esn_parity,tuned,accuracy,0.47333333333333333,exact,60,300,{},3.13.12,numpy_esn,cpu,float64,,"{""task_generation"": 0.0012079000007361174, ""reservoir_build"": 0.0003418999840505421, ""feature_extraction"": 0.0032196000101976097, ""readout_training"": 0.04993409998132847}"
e5202b9f-869d-4bbc-93e3-fbd4cf52f478,True,8ed2df4d082ee6613e9a9480d5f5f41b99b23f4e,509b9d0be086f1a8d8ab8b7af4965c28dc79a1db686b4fdf1a940d5b821666cf,20260924T214530147999Z,b4f56d80b6f9366ef11a9c0ef4a8f5626aaab70d9fc197ac6f9bfe2e99bb6d1c,6cbb19c77f5a973f5c3a78c9668ff5e86f2dc4db553b059e5390c27f9c2dccc3,50,145,esn_parity,tuned,accuracy,0.54,exact,60,300,{},3.13.12,numpy_esn,cpu,float64,,"{""task_generation"": 0.0007013999857008457, ""reservoir_build"": 0.00015200002235360444, ""feature_extraction"": 0.002132499997969717, ""readout_training"": 0.05336319998605177}"
14d1ecc4-7cdd-4496-be3d-2df8f5fe2ed1,True,8ed2df4d082ee6613e9a9480d5f5f41b99b23f4e,509b9d0be086f1a8d8ab8b7af4965c28dc79a1db686b4fdf1a940d5b821666cf,20260924T214530147999Z,b4f56d80b6f9366ef11a9c0ef4a8f5626aaab70d9fc197ac6f9bfe2e99bb6d1c,c20649557ef8c5beb24e7b46853c8922a665eeb85ff2813f06ea57d6ce72e472,51,146,esn_parity,tuned,accuracy,0.52,exact,60,300,{},3.13.12,numpy_esn,cpu,float64,,"{""task_generation"": 0.0007089000137057155, ""reservoir_build"": 0.00020059998496435583, ""feature_extraction"": 0.0020256999996490777, ""readout_training"": 0.054511800000909716}"
13058a34-d904-420f-b9f2-eb3dc3726588,True,8ed2df4d082ee6613e9a9480d5f5f41b99b23f4e,509b9d0be086f1a8d8ab8b7af4965c28dc79a1db686b4fdf1a940d5b821666cf,20260924T214530147999Z,b4f56d80b6f9366ef11a9c0ef4a8f5626aaab70d9fc197ac6f9bfe2e99bb6d1c,7e75f4d6e2b3cdb60ec3e157833c82151c09fc939a46dc45388a6c7874dc4277,52,147,esn_parity,tuned,accuracy,0.6333333333333333,exact,60,300,{},3.13.12,numpy_esn,cpu,float64,,"{""task_generation"": 0.0016758999845478684, ""reservoir_build"": 0.00038640000275336206, ""feature_extraction"": 0.0032239000138361007, ""readout_training"": 0.07492189999902621}"
171d9d99-b9a9-4450-b315-e00df49554c8,True,8ed2df4d082ee6613e9a9480d5f5f41b99b23f4e,509b9d0be086f1a8d8ab8b7af4965c28dc79a1db686b4fdf1a940d5b821666cf,20260924T214530147999Z,b4f56d80b6f9366ef11a9c0ef4a8f5626aaab70d9fc197ac6f9bfe2e99bb6d1c,7f0d9619e2486d7efc9d58d25370e7a3048b672db002b3272ddacd44f4da9861,53,148,esn_parity,tuned,accuracy,0.5866666666666667,exact,60,300,{},3.13.12,numpy_esn,cpu,float64,,"{""task_generation"": 0.0013944999955128878, ""reservoir_build"": 0.000285400019492954, ""feature_extraction"": 0.0019841000030282885, ""readout_training"": 0.0507379999908153}"
b309cf78-aa19-43bf-b292-c41adde675a9,True,8ed2df4d082ee6613e9a9480d5f5f41b99b23f4e,509b9d0be086f1a8d8ab8b7af4965c28dc79a1db686b4fdf1a940d5b821666cf,20260924T214530147999Z,b4f56d80b6f9366ef11a9c0ef4a8f5626aaab70d9fc197ac6f9bfe2e99bb6d1c,f98c5d4fe04924579ee583af9ab189218838c6c4173250e367b63431b9bb4b29,42,137,rks_parity,tuned,accuracy,1.0,exact,60,300,{},3.13.12,numpy_rks,cpu,float64,,"{""task_generation"": 0.0013559999933931977, ""reservoir_build"": 0.00027099999715574086, ""feature_extraction"": 0.00016719999257475138, ""readout_training"": 0.05297590000554919}"
3147198f-6479-46c1-9686-4f996ab999d4,True,8ed2df4d082ee6613e9a9480d5f5f41b99b23f4e,509b9d0be086f1a8d8ab8b7af4965c28dc79a1db686b4fdf1a940d5b821666cf,20260924T214530147999Z,b4f56d80b6f9366ef11a9c0ef4a8f5626aaab70d9fc197ac6f9bfe2e99bb6d1c,4caaf56cb89db03fb9c8c2a89187b823fdc87eb2a558714b2a973cad74a2ea97,43,138,rks_parity,tuned,accuracy,0.6533333333333333,exact,60,300,{},3.13.12,numpy_rks,cpu,float64,,"{""task_generation"": 0.0007570000016130507, ""reservoir_build"": 0.00012660000356845558, ""feature_extraction"": 8.779999916441739e-05, ""readout_training"": 0.046638699976028875}"
b5c40af1-0e2a-4955-ae1d-a782a2d7ff62,True,8ed2df4d082ee6613e9a9480d5f5f41b99b23f4e,509b9d0be086f1a8d8ab8b7af4965c28dc79a1db686b4fdf1a940d5b821666cf,20260924T214530147999Z,b4f56d80b6f9366ef11a9c0ef4a8f5626aaab70d9fc197ac6f9bfe2e99bb6d1c,de34d62b4850c2ee30239c82755f4b89c556c804f24dd4003dea1ac6e547b924,44,139,rks_parity,tuned,accuracy,0.9333333333333333,exact,60,300,{},3.13.12,numpy_rks,cpu,float64,,"{""task_generation"": 0.0008811999869067222, ""reservoir_build"": 0.00014109999756328762, ""feature_extraction"": 0.0001109000004362315, ""readout_training"": 0.04075939999893308}"
11abf94e-74c9-4b6e-ba9c-0344981873c3,True,8ed2df4d082ee6613e9a9480d5f5f41b99b23f4e,509b9d0be086f1a8d8ab8b7af4965c28dc79a1db686b4fdf1a940d5b821666cf,20260924T214530147999Z,b4f56d80b6f9366ef11a9c0ef4a8f5626aaab70d9fc197ac6f9bfe2e99bb6d1c,98bf0debfab6ae97c0833c2bf1f02a88d31a80e8930b26979f4bd1e8a161272d,45,140,rks_parity,tuned,accuracy,0.8866666666666667,exact,60,300,{},3.13.12,numpy_rks,cpu,float64,,"{""task_generation"": 0.000699999975040555, ""reservoir_build"": 0.00011220001033507288, ""feature_extraction"": 8.150000940077007e-05, ""readout_training"": 0.05170929999439977}"
c159d184-67cd-4a1a-9f06-42fc15486853,True,8ed2df4d082ee6613e9a9480d5f5f41b99b23f4e,509b9d0be086f1a8d8ab8b7af4965c28dc79a1db686b4fdf1a940d5b821666cf,20260924T214530147999Z,b4f56d80b6f9366ef11a9c0ef4a8f5626aaab70d9fc197ac6f9bfe2e99bb6d1c,005db3a34670b9653ac98fefae5ae82f07d2775c9a782cdfb8cb2b399d627af9,46,141,rks_parity,tuned,accuracy,0.6066666666666667,exact,60,300,{},3.13.12,numpy_rks,cpu,float64,,"{""task_generation"": 0.0008607000054325908, ""reservoir_build"": 0.00015090001397766173, ""feature_extraction"": 9.030001820065081e-05, ""readout_training"": 0.04545130001497455}"
575961e3-4240-408d-bec4-29308a858e7f,True,8ed2df4d082ee6613e9a9480d5f5f41b99b23f4e,509b9d0be086f1a8d8ab8b7af4965c28dc79a1db686b4fdf1a940d5b821666cf,20260924T214530147999Z,b4f56d80b6f9366ef11a9c0ef4a8f5626aaab70d9fc197ac6f9bfe2e99bb6d1c,fa6e7610173a3601c6dbdb4c304997743b07e94fa7d0197e146493939be186a6,47,142,rks_parity,tuned,accuracy,0.7733333333333333,exact,60,300,{},3.13.12,numpy_rks,cpu,float64,,"{""task_generation"": 0.001622700016014278, ""reservoir_build"": 0.00047820000327192247, ""feature_extraction"": 0.00014700001338496804, ""readout_training"": 0.0816591999900993}"
4f7b5181-de99-4a6f-9908-0973eaa1884e,True,8ed2df4d082ee6613e9a9480d5f5f41b99b23f4e,509b9d0be086f1a8d8ab8b7af4965c28dc79a1db686b4fdf1a940d5b821666cf,20260924T214530147999Z,b4f56d80b6f9366ef11a9c0ef4a8f5626aaab70d9fc197ac6f9bfe2e99bb6d1c,3d2bb8c1643b7fa3d49ba655dde57eca63c4691671f96d16e278b46b09430e72,48,143,rks_parity,tuned,accuracy,1.0,exact,60,300,{},3.13.12,numpy_rks,cpu,float64,,"{""task_generation"": 0.0006989999965298921, ""reservoir_build"": 0.00012310000602155924, ""feature_extraction"": 8.940001134760678e-05, ""readout_training"": 0.036605400004191324}"
5bb06064-bf9e-4698-bde9-273f1938407e,True,8ed2df4d082ee6613e9a9480d5f5f41b99b23f4e,509b9d0be086f1a8d8ab8b7af4965c28dc79a1db686b4fdf1a940d5b821666cf,20260924T214530147999Z,b4f56d80b6f9366ef11a9c0ef4a8f5626aaab70d9fc197ac6f9bfe2e99bb6d1c,dde7c5de8578504be9ad6e1e045a3f9b37b7e6c2021e6570bc9cbc9258337056,49,144,rks_parity,tuned,accuracy,0.88,exact,60,300,{},3.13.12,numpy_rks,cpu,float64,,"{""task_generation"": 0.0008883000118657947, ""reservoir_build"": 0.0002334000018890947, ""feature_extraction"": 0.00011339999036863446, ""readout_training"": 0.03297180001391098}"
6410514d-98f2-4759-8266-3dd252c183c7,True,8ed2df4d082ee6613e9a9480d5f5f41b99b23f4e,509b9d0be086f1a8d8ab8b7af4965c28dc79a1db686b4fdf1a940d5b821666cf,20260924T214530147999Z,b4f56d80b6f9366ef11a9c0ef4a8f5626aaab70d9fc197ac6f9bfe2e99bb6d1c,dc8e7a6fbf78068e0ea78a752db10ce8e658ae070a26942a28bd2c40c439e25e,50,145,rks_parity,tuned,accuracy,0.78,exact,60,300,{},3.13.12,numpy_rks,cpu,float64,,"{""task_generation"": 0.0007798000006005168, ""reservoir_build"": 0.00013020000187680125, ""feature_extraction"": 7.959999493323267e-05, ""readout_training"": 0.04254419999779202}"
f965280c-e91b-4c3f-abc4-9f05614e4393,True,8ed2df4d082ee6613e9a9480d5f5f41b99b23f4e,509b9d0be086f1a8d8ab8b7af4965c28dc79a1db686b4fdf1a940d5b821666cf,20260924T214530147999Z,b4f56d80b6f9366ef11a9c0ef4a8f5626aaab70d9fc197ac6f9bfe2e99bb6d1c,2843b959c6ece3a6b113d52d71d08820f0c4dea47b7abb5cf5663aa75697b4bf,51,146,rks_parity,tuned,accuracy,0.7066666666666667,exact,60,300,{},3.13.12,numpy_rks,cpu,float64,,"{""task_generation"": 0.0009348999883513898, ""reservoir_build"": 0.00017159999697469175, ""feature_extraction"": 0.00010820000898092985, ""readout_training"": 0.046056399994995445}"
62f396f2-1dae-4786-b23a-bddde4c7c405,True,8ed2df4d082ee6613e9a9480d5f5f41b99b23f4e,509b9d0be086f1a8d8ab8b7af4965c28dc79a1db686b4fdf1a940d5b821666cf,20260924T214530147999Z,b4f56d80b6f9366ef11a9c0ef4a8f5626aaab70d9fc197ac6f9bfe2e99bb6d1c,8f0a11133e835170702409ca4009b5dd91381b3face7dedf07b294946aede912,52,147,rks_parity,tuned,accuracy,0.8666666666666667,exact,60,300,{},3.13.12,numpy_rks,cpu,float64,,"{""task_generation"": 0.0007285000174306333, ""reservoir_build"": 0.000125400023534894, ""feature_extraction"": 9.049999061971903e-05, ""readout_training"": 0.04031479998957366}"
6640cb3b-dab8-4728-992b-486dd5583581,True,8ed2df4d082ee6613e9a9480d5f5f41b99b23f4e,509b9d0be086f1a8d8ab8b7af4965c28dc79a1db686b4fdf1a940d5b821666cf,20260924T214530147999Z,b4f56d80b6f9366ef11a9c0ef4a8f5626aaab70d9fc197ac6f9bfe2e99bb6d1c,84bdf645944176417b963c059b5a3f48573cf8328beadee7aeb82cc3aa637017,53,148,rks_parity,tuned,accuracy,1.0,exact,60,300,{},3.13.12,numpy_rks,cpu,float64,,"{""task_generation"": 0.0013983999961055815, ""reservoir_build"": 0.00034359999699518085, ""feature_extraction"": 0.00015820001135580242, ""readout_training"": 0.04249520000303164}"
f8143b4c-ae3e-4f71-b8f9-4d6c7ee78e82,True,8ed2df4d082ee6613e9a9480d5f5f41b99b23f4e,509b9d0be086f1a8d8ab8b7af4965c28dc79a1db686b4fdf1a940d5b821666cf,20260924T214530147999Z,b4f56d80b6f9366ef11a9c0ef4a8f5626aaab70d9fc197ac6f9bfe2e99bb6d1c,fc40847dccd2723d7bcadb1853dad4e7c9087e19cae404a1c439c561c5107817,42,137,esn_parity,default,accuracy,0.7066666666666667,exact,1,0,{},3.13.12,numpy_esn,cpu,float64,,"{""task_generation"": 0.002814800012856722, ""reservoir_build"": 0.0003623999946285039, ""feature_extraction"": 0.0019711999921128154, ""readout_training"": 0.04398469999432564}"
f11e8f96-0f7d-456b-b978-1e5338436764,True,8ed2df4d082ee6613e9a9480d5f5f41b99b23f4e,509b9d0be086f1a8d8ab8b7af4965c28dc79a1db686b4fdf1a940d5b821666cf,20260924T214530147999Z,b4f56d80b6f9366ef11a9c0ef4a8f5626aaab70d9fc197ac6f9bfe2e99bb6d1c,eda68d1e53482162134fe584182d7b2d90be7447a914dc81d448df097137f0bb,43,138,esn_parity,default,accuracy,0.5066666666666667,exact,1,0,{},3.13.12,numpy_esn,cpu,float64,,"{""task_generation"": 0.0008400999940931797, ""reservoir_build"": 0.0002376999764237553, ""feature_extraction"": 0.0017613999953027815, ""readout_training"": 0.0338595999928657}"
cebba181-f286-4833-b3f9-965fb7dccf75,True,8ed2df4d082ee6613e9a9480d5f5f41b99b23f4e,509b9d0be086f1a8d8ab8b7af4965c28dc79a1db686b4fdf1a940d5b821666cf,20260924T214530147999Z,b4f56d80b6f9366ef11a9c0ef4a8f5626aaab70d9fc197ac6f9bfe2e99bb6d1c,0ee87efd80facfb084bda28f31b075771ada6c3e9ae6896fd4e36775c92dd92f,44,139,esn_parity,default,accuracy,0.62,exact,1,0,{},3.13.12,numpy_esn,cpu,float64,,"{""task_generation"": 0.0012709999864455312, ""reservoir_build"": 0.00025599999935366213, ""feature_extraction"": 0.0027800000098068267, ""readout_training"": 0.08022089998121373}"
c47f48b0-bc84-4492-9a6a-aed3de89d9f0,True,8ed2df4d082ee6613e9a9480d5f5f41b99b23f4e,509b9d0be086f1a8d8ab8b7af4965c28dc79a1db686b4fdf1a940d5b821666cf,20260924T214530147999Z,b4f56d80b6f9366ef11a9c0ef4a8f5626aaab70d9fc197ac6f9bfe2e99bb6d1c,21cdb97c010ac62d75d660a026e94a60297211e0f5d588c6ad061af31bcf1cf9,45,140,esn_parity,default,accuracy,0.44,exact,1,0,{},3.13.12,numpy_esn,cpu,float64,,"{""task_generation"": 0.0007179999956861138, ""reservoir_build"": 0.00019500000053085387, ""feature_extraction"": 0.002331400028197095, ""readout_training"": 0.035997600003611296}"
1598a9c1-b127-4f32-a338-cd0d0cd24bf7,True,8ed2df4d082ee6613e9a9480d5f5f41b99b23f4e,509b9d0be086f1a8d8ab8b7af4965c28dc79a1db686b4fdf1a940d5b821666cf,20260924T214530147999Z,b4f56d80b6f9366ef11a9c0ef4a8f5626aaab70d9fc197ac6f9bfe2e99bb6d1c,75809c7fa4a19674a3b1d39dcaddf9d7ea90e561b7d42f1fdb221528bdb6dc24,46,141,esn_parity,default,accuracy,0.6733333333333333,exact,1,0,{},3.13.12,numpy_esn,cpu,float64,,"{""task_generation"": 0.0007591000176034868, ""reservoir_build"": 0.0001852000132203102, ""feature_extraction"": 0.0017300000181421638, ""readout_training"": 0.03888040001038462}"
4e084cde-d719-4c74-9e40-545d7db67187,True,8ed2df4d082ee6613e9a9480d5f5f41b99b23f4e,509b9d0be086f1a8d8ab8b7af4965c28dc79a1db686b4fdf1a940d5b821666cf,20260924T214530147999Z,b4f56d80b6f9366ef11a9c0ef4a8f5626aaab70d9fc197ac6f9bfe2e99bb6d1c,0e535abcd09023abb6acea9e2891007b0f92f397035369c208254f0f7c85c050,47,142,esn_parity,default,accuracy,0.6666666666666666,exact,1,0,{},3.13.12,numpy_esn,cpu,float64,,"{""task_generation"": 0.0011477000080049038, ""reservoir_build"": 0.0002631999959703535, ""feature_extraction"": 0.0030624000064563006, ""readout_training"": 0.060367300000507385}"
313e2abd-cfd8-407b-b6d3-96d8ebcfb039,True,8ed2df4d082ee6613e9a9480d5f5f41b99b23f4e,509b9d0be086f1a8d8ab8b7af4965c28dc79a1db686b4fdf1a940d5b821666cf,20260924T214530147999Z,b4f56d80b6f9366ef11a9c0ef4a8f5626aaab70d9fc197ac6f9bfe2e99bb6d1c,327e4b2b84e6d7936550ff0fe11b05df238e32e5423d53ef879dc23471e8d044,48,143,esn_parity,default,accuracy,0.4533333333333333,exact,1,0,{},3.13.12,numpy_esn,cpu,float64,,"{""task_generation"": 0.0008711999980732799, ""reservoir_build"": 0.00030189999961294234, ""feature_extraction"": 0.0030855000077281147, ""readout_training"": 0.051125199999660254}"
7347c751-79c7-4627-825e-f7ed7a70c435,True,8ed2df4d082ee6613e9a9480d5f5f41b99b23f4e,509b9d0be086f1a8d8ab8b7af4965c28dc79a1db686b4fdf1a940d5b821666cf,20260924T214530147999Z,b4f56d80b6f9366ef11a9c0ef4a8f5626aaab70d9fc197ac6f9bfe2e99bb6d1c,6ae62c5205df2383ee2e7f5f893bddaee45174f96fd61387f319b2434974ddf7,49,144,esn_parity,default,accuracy,0.47333333333333333,exact,1,0,{},3.13.12,numpy_esn,cpu,float64,,"{""task_generation"": 0.001129099982790649, ""reservoir_build"": 0.00028780000866390765, ""feature_extraction"": 0.0031430999806616455, ""readout_training"": 0.050988800008781254}"
0569fc24-749b-48ee-a3d9-ba810e5a4dec,True,8ed2df4d082ee6613e9a9480d5f5f41b99b23f4e,509b9d0be086f1a8d8ab8b7af4965c28dc79a1db686b4fdf1a940d5b821666cf,20260924T214530147999Z,b4f56d80b6f9366ef11a9c0ef4a8f5626aaab70d9fc197ac6f9bfe2e99bb6d1c,e3b359368492bf54fcc51cdb4727ad84eb3133e9d7432b3101401da65d604a78,50,145,esn_parity,default,accuracy,0.54,exact,1,0,{},3.13.12,numpy_esn,cpu,float64,,"{""task_generation"": 0.0008348999836016446, ""reservoir_build"": 0.0002562000008765608, ""feature_extraction"": 0.001968600001418963, ""readout_training"": 0.05518580001080409}"
28af2875-7a64-4e96-9ab4-0b4a18b7a72f,True,8ed2df4d082ee6613e9a9480d5f5f41b99b23f4e,509b9d0be086f1a8d8ab8b7af4965c28dc79a1db686b4fdf1a940d5b821666cf,20260924T214530147999Z,b4f56d80b6f9366ef11a9c0ef4a8f5626aaab70d9fc197ac6f9bfe2e99bb6d1c,851180aba4dcddd2b64e415e0eed7791a26e047daf76474e6c4d38a5b22a8572,51,146,esn_parity,default,accuracy,0.54,exact,1,0,{},3.13.12,numpy_esn,cpu,float64,,"{""task_generation"": 0.0007845000072848052, ""reservoir_build"": 0.00025630000163801014, ""feature_extraction"": 0.0027270000136923045, ""readout_training"": 0.033355999999912456}"
ae0755de-c637-4818-9b69-98d2e740510c,True,8ed2df4d082ee6613e9a9480d5f5f41b99b23f4e,509b9d0be086f1a8d8ab8b7af4965c28dc79a1db686b4fdf1a940d5b821666cf,20260924T214530147999Z,b4f56d80b6f9366ef11a9c0ef4a8f5626aaab70d9fc197ac6f9bfe2e99bb6d1c,bb917aa87f0eab5504141befb394a3da0daa543aa14e6912c6df8a8a90bf8a37,52,147,esn_parity,default,accuracy,0.5133333333333333,exact,1,0,{},3.13.12,numpy_esn,cpu,float64,,"{""task_generation"": 0.0010932000004686415, ""reservoir_build"": 0.0003648999845609069, ""feature_extraction"": 0.0027766000130213797, ""readout_training"": 0.0625931000104174}"
0a946473-21a4-4d07-bd32-d247fcc0083d,True,8ed2df4d082ee6613e9a9480d5f5f41b99b23f4e,509b9d0be086f1a8d8ab8b7af4965c28dc79a1db686b4fdf1a940d5b821666cf,20260924T214530147999Z,b4f56d80b6f9366ef11a9c0ef4a8f5626aaab70d9fc197ac6f9bfe2e99bb6d1c,69edc357f38ef2696e27e0beed3a3d6f6e34698ac8fc18b4e0fa6c6d7f051cee,53,148,esn_parity,default,accuracy,0.5866666666666667,exact,1,0,{},3.13.12,numpy_esn,cpu,float64,,"{""task_generation"": 0.0007191000040620565, ""reservoir_build"": 0.00018350000027567148, ""feature_extraction"": 0.0018452999938745052, ""readout_training"": 0.03555830000550486}"
38280866-ab67-45bc-acd5-5d2b1df84f42,True,8ed2df4d082ee6613e9a9480d5f5f41b99b23f4e,509b9d0be086f1a8d8ab8b7af4965c28dc79a1db686b4fdf1a940d5b821666cf,20260924T214530147999Z,1a3ff7e2c71effca240858f489498e7a41d067b52fb3295a452b7a45a656fb24,dd928ca323f86f644815616e705dc0d0012e1fb54753d71a2ae567d17aea5ee8,42,137,esn_narma,tuned,nrmse,0.6279113623155129,exact,60,300,{},3.13.12,numpy_esn,cpu,float64,,"{""task_generation"": 0.011576500022783875, ""reservoir_build"": 0.0003061999741476029, ""feature_extraction"": 0.0016941000067163259, ""readout_training"": 0.03508420000434853}"
67b293e2-e1fb-4069-9f18-a740ebc42c5d,True,8ed2df4d082ee6613e9a9480d5f5f41b99b23f4e,509b9d0be086f1a8d8ab8b7af4965c28dc79a1db686b4fdf1a940d5b821666cf,20260924T214530147999Z,1a3ff7e2c71effca240858f489498e7a41d067b52fb3295a452b7a45a656fb24,ffb86cb3908078008c0139e74848e63f7343541ea642ac2f7ab1ac7e06553dfe,43,138,esn_narma,tuned,nrmse,0.6128070622406202,exact,60,300,{},3.13.12,numpy_esn,cpu,float64,,"{""task_generation"": 0.012736500008031726, ""reservoir_build"": 0.0003350999904796481, ""feature_extraction"": 0.0019952000002376735, ""readout_training"": 0.037513399991439655}"
f9fbf139-03c4-412c-a010-6c9c8f7e61b2,True,8ed2df4d082ee6613e9a9480d5f5f41b99b23f4e,509b9d0be086f1a8d8ab8b7af4965c28dc79a1db686b4fdf1a940d5b821666cf,20260924T214530147999Z,1a3ff7e2c71effca240858f489498e7a41d067b52fb3295a452b7a45a656fb24,e8cd3d76c7da8b2a9e9ffb1abfb6e18eaa09ac3c7359dff0963d489bd7aa6948,44,139,esn_narma,tuned,nrmse,0.6140292279012364,exact,60,300,{},3.13.12,numpy_esn,cpu,float64,,"{""task_generation"": 0.01415390000329353, ""reservoir_build"": 0.00024160000612027943, ""feature_extraction"": 0.0021032000076957047, ""readout_training"": 0.04374990001088008}"
93a870bc-30fc-4654-9ae3-8e27c82cf311,True,8ed2df4d082ee6613e9a9480d5f5f41b99b23f4e,509b9d0be086f1a8d8ab8b7af4965c28dc79a1db686b4fdf1a940d5b821666cf,20260924T214530147999Z,1a3ff7e2c71effca240858f489498e7a41d067b52fb3295a452b7a45a656fb24,17ac89fb4527facaaebf5aed9d1ab9a24124d499fca700078cbc6afa7ec90cf8,45,140,esn_narma,tuned,nrmse,0.6275291795356842,exact,60,300,{},3.13.12,numpy_esn,cpu,float64,,"{""task_generation"": 0.009495100006461143, ""reservoir_build"": 0.0002958000113721937, ""feature_extraction"": 0.0028412999818101525, ""readout_training"": 0.037042399984784424}"
9a7166e3-679d-4012-9775-d2879d266eb2,True,8ed2df4d082ee6613e9a9480d5f5f41b99b23f4e,509b9d0be086f1a8d8ab8b7af4965c28dc79a1db686b4fdf1a940d5b821666cf,20260924T214530147999Z,1a3ff7e2c71effca240858f489498e7a41d067b52fb3295a452b7a45a656fb24,0f8085028dbfd5ec2bec41376ccf27565b02e538e8fbfbc380f3fd75f4b229c8,46,141,esn_narma,tuned,nrmse,0.6467235621014658,exact,60,300,{},3.13.12,numpy_esn,cpu,float64,,"{""task_generation"": 0.0106143000011798, ""reservoir_build"": 0.0002641000028233975, ""feature_extraction"": 0.0022748000046703964, ""readout_training"": 0.04441120001138188}"
dea17cfa-e76b-4a35-a739-f4bbb7228db5,True,8ed2df4d082ee6613e9a9480d5f5f41b99b23f4e,509b9d0be086f1a8d8ab8b7af4965c28dc79a1db686b4fdf1a940d5b821666cf,20260924T214530147999Z,1a3ff7e2c71effca240858f489498e7a41d067b52fb3295a452b7a45a656fb24,352df1a7247a8adc053d125241a804026f94b479d9f97506a7048cd7af37b2af,47,142,esn_narma,tuned,nrmse,0.5797435795790965,exact,60,300,{},3.13.12,numpy_esn,cpu,float64,,"{""task_generation"": 0.00947489999816753, ""reservoir_build"": 0.00024750002194195986, ""feature_extraction"": 0.001979099994059652, ""readout_training"": 0.07754030000069179}"
c7b69854-0409-4dcf-aec7-87554d05456a,True,8ed2df4d082ee6613e9a9480d5f5f41b99b23f4e,509b9d0be086f1a8d8ab8b7af4965c28dc79a1db686b4fdf1a940d5b821666cf,20260924T214530147999Z,1a3ff7e2c71effca240858f489498e7a41d067b52fb3295a452b7a45a656fb24,60d58f8fed3977e16a5c11b63a9bc6d93700a57c428f5020e0fa1c5d08186951,48,143,esn_narma,tuned,nrmse,0.7630106208659462,exact,60,300,{},3.13.12,numpy_esn,cpu,float64,,"{""task_generation"": 0.015766600001370534, ""reservoir_build"": 0.0003201999934390187, ""feature_extraction"": 0.003548600012436509, ""readout_training"": 0.049753499974031}"
d52496f4-1062-4230-a118-07185f43ee64,True,8ed2df4d082ee6613e9a9480d5f5f41b99b23f4e,509b9d0be086f1a8d8ab8b7af4965c28dc79a1db686b4fdf1a940d5b821666cf,20260924T214530147999Z,1a3ff7e2c71effca240858f489498e7a41d067b52fb3295a452b7a45a656fb24,a6ae995b4eff3340d9298e933e084eb298685180432611d399ed85586b041a1d,49,144,esn_narma,tuned,nrmse,0.6389964332559963,exact,60,300,{},3.13.12,numpy_esn,cpu,float64,,"{""task_generation"": 0.01622530000167899, ""reservoir_build"": 0.00020670000230893493, ""feature_extraction"": 0.0021311999880708754, ""readout_training"": 0.06001580000156537}"
861d6608-3f7a-485e-bbc3-ce8315f3d183,True,8ed2df4d082ee6613e9a9480d5f5f41b99b23f4e,509b9d0be086f1a8d8ab8b7af4965c28dc79a1db686b4fdf1a940d5b821666cf,20260924T214530147999Z,1a3ff7e2c71effca240858f489498e7a41d067b52fb3295a452b7a45a656fb24,fce6eb84729a0aeb0d444b9cdcd2b6d974951a131f071c497a14b6b2f99f4b48,50,145,esn_narma,tuned,nrmse,0.8697527000500813,exact,60,300,{},3.13.12,numpy_esn,cpu,float64,,"{""task_generation"": 0.013071300025330856, ""reservoir_build"": 0.00031629999284632504, ""feature_extraction"": 0.0032831999997142702, ""readout_training"": 0.05641309998463839}"
e7c8cf59-9897-439d-a0c0-725207f60672,True,8ed2df4d082ee6613e9a9480d5f5f41b99b23f4e,509b9d0be086f1a8d8ab8b7af4965c28dc79a1db686b4fdf1a940d5b821666cf,20260924T214530147999Z,1a3ff7e2c71effca240858f489498e7a41d067b52fb3295a452b7a45a656fb24,af10b04db51492d2d479b4a3965dd2809cadbcd284e08596517d392629a854a7,51,146,esn_narma,tuned,nrmse,0.7560891883794505,exact,60,300,{},3.13.12,numpy_esn,cpu,float64,,"{""task_generation"": 0.01846540000406094, ""reservoir_build"": 0.0004700999998021871, ""feature_extraction"": 0.0020861999946646392, ""readout_training"": 0.05514059998677112}"
590e76f1-248c-4b51-894a-e16bdc8d3292,True,8ed2df4d082ee6613e9a9480d5f5f41b99b23f4e,509b9d0be086f1a8d8ab8b7af4965c28dc79a1db686b4fdf1a940d5b821666cf,20260924T214530147999Z,1a3ff7e2c71effca240858f489498e7a41d067b52fb3295a452b7a45a656fb24,e6893f3894726d4908db34850cd76f578e4b5112f811a533380742ed279e91dc,52,147,esn_narma,tuned,nrmse,0.6432172895244985,exact,60,300,{},3.13.12,numpy_esn,cpu,float64,,"{""task_generation"": 0.012170200003311038, ""reservoir_build"": 0.00022460002219304442, ""feature_extraction"": 0.0020832000009249896, ""readout_training"": 0.053575600002659485}"
8ec89ddb-6223-43b7-950b-93c654c33688,True,8ed2df4d082ee6613e9a9480d5f5f41b99b23f4e,509b9d0be086f1a8d8ab8b7af4965c28dc79a1db686b4fdf1a940d5b821666cf,20260924T214530147999Z,1a3ff7e2c71effca240858f489498e7a41d067b52fb3295a452b7a45a656fb24,92af9ed3975ba58351c0864f9b2b14f20a0f723ec05ad8b36e210c2285b2d1c7,53,148,esn_narma,tuned,nrmse,0.6464013117981315,exact,60,300,{},3.13.12,numpy_esn,cpu,float64,,"{""task_generation"": 0.012418199999956414, ""reservoir_build"": 0.00024319998919963837, ""feature_extraction"": 0.0018371999904047698, ""readout_training"": 0.04384479997679591}"
d0bf674b-cb27-4529-9a73-b8ddecdefea9,True,8ed2df4d082ee6613e9a9480d5f5f41b99b23f4e,509b9d0be086f1a8d8ab8b7af4965c28dc79a1db686b4fdf1a940d5b821666cf,20260924T214530147999Z,1a3ff7e2c71effca240858f489498e7a41d067b52fb3295a452b7a45a656fb24,07d5e8ccf63c34af4fd25f24e1662da9f6dcf2f23ce23d0af35f50b0902641e1,42,137,rks_narma,tuned,nrmse,0.8720674461325569,exact,60,300,{},3.13.12,numpy_rks,cpu,float64,,"{""task_generation"": 0.018797600001562387, ""reservoir_build"": 0.00022000001627020538, ""feature_extraction"": 0.00011030002497136593, ""readout_training"": 0.041159799991874024}"
21970374-2a42-449f-aefd-3882449585c9,True,8ed2df4d082ee6613e9a9480d5f5f41b99b23f4e,509b9d0be086f1a8d8ab8b7af4965c28dc79a1db686b4fdf1a940d5b821666cf,20260924T214530147999Z,1a3ff7e2c71effca240858f489498e7a41d067b52fb3295a452b7a45a656fb24,35ed2b08f01544004b0004658e2e2dc62e439b354f1085d2bc8fb4ccf25ae041,43,138,rks_narma,tuned,nrmse,0.8603764732177643,exact,60,300,{},3.13.12,numpy_rks,cpu,float64,,"{""task_generation"": 0.008259800000814721, ""reservoir_build"": 0.0001598999951966107, ""feature_extraction"": 8.040000102482736e-05, ""readout_training"": 0.03599259999464266}"
e951192d-3cb2-490d-91b2-e189713e275e,True,8ed2df4d082ee6613e9a9480d5f5f41b99b23f4e,509b9d0be086f1a8d8ab8b7af4965c28dc79a1db686b4fdf1a940d5b821666cf,20260924T214530147999Z,1a3ff7e2c71effca240858f489498e7a41d067b52fb3295a452b7a45a656fb24,4192901b8db5f09d5dafe0a092eaf2a7a560ee7ece1f6c64e626f30561d98976,44,139,rks_narma,tuned,nrmse,0.8446811881285082,exact,60,300,{},3.13.12,numpy_rks,cpu,float64,,"{""task_generation"": 0.012843600008636713, ""reservoir_build"": 0.00017770001431927085, ""feature_extraction"": 8.969998452812433e-05, ""readout_training"": 0.04339289999916218}"
35fc1df3-638f-4363-9508-16e276335310,True,8ed2df4d082ee6613e9a9480d5f5f41b99b23f4e,509b9d0be086f1a8d8ab8b7af4965c28dc79a1db686b4fdf1a940d5b821666cf,20260924T214530147999Z,1a3ff7e2c71effca240858f489498e7a41d067b52fb3295a452b7a45a656fb24,0673205fcceecff14ef3b09b0b508465bb6ab26aa6a71a37ca91db4ecd53dfd3,45,140,rks_narma,tuned,nrmse,0.8001514716384985,exact,60,300,{},3.13.12,numpy_rks,cpu,float64,,"{""task_generation"": 0.012600499991094694, ""reservoir_build"": 0.00017860002117231488, ""feature_extraction"": 7.700000423938036e-05, ""readout_training"": 0.040099000005284324}"
1dc770a5-f5b8-4944-a572-a44da0ee384e,True,8ed2df4d082ee6613e9a9480d5f5f41b99b23f4e,509b9d0be086f1a8d8ab8b7af4965c28dc79a1db686b4fdf1a940d5b821666cf,20260924T214530147999Z,1a3ff7e2c71effca240858f489498e7a41d067b52fb3295a452b7a45a656fb24,a64623cecdafd0aee76821ef1e5a4e3a027ac705fb015c55d10151eb42b6679d,46,141,rks_narma,tuned,nrmse,0.8947514593546853,exact,60,300,{},3.13.12,numpy_rks,cpu,float64,,"{""task_generation"": 0.011892499984242022, ""reservoir_build"": 0.00027940000290982425, ""feature_extraction"": 0.00015390000771731138, ""readout_training"": 0.042651800002204254}"
75f1ba4d-cbcb-4468-b68f-406fe2facb68,True,8ed2df4d082ee6613e9a9480d5f5f41b99b23f4e,509b9d0be086f1a8d8ab8b7af4965c28dc79a1db686b4fdf1a940d5b821666cf,20260924T214530147999Z,1a3ff7e2c71effca240858f489498e7a41d067b52fb3295a452b7a45a656fb24,a1b226e6f6496f40c5ee6e406dfac8f8f7256c0729a9511b7240f7467cb12db5,47,142,rks_narma,tuned,nrmse,0.8457035362024665,exact,60,300,{},3.13.12,numpy_rks,cpu,float64,,"{""task_generation"": 0.010610400000587106, ""reservoir_build"": 0.0001551999885123223, ""feature_extraction"": 7.739997818134725e-05, ""readout_training"": 0.036396500014234334}"
7942768a-5534-467a-8a5f-0fabbb9f9612,True,8ed2df4d082ee6613e9a9480d5f5f41b99b23f4e,509b9d0be086f1a8d8ab8b7af4965c28dc79a1db686b4fdf1a940d5b821666cf,20260924T214530147999Z,1a3ff7e2c71effca240858f489498e7a41d067b52fb3295a452b7a45a656fb24,7dbdf61be1db7b594cb2454d5c27d9e9f6318bfa2bfb4d562e96e8be5993d998,48,143,rks_narma,tuned,nrmse,0.942809342504749,exact,60,300,{},3.13.12,numpy_rks,cpu,float64,,"{""task_generation"": 0.018739699997240677, ""reservoir_build"": 0.0003423999878577888, ""feature_extraction"": 0.00010129998554475605, ""readout_training"": 0.05359070000122301}"
c1a09017-fbab-494d-a8f8-544b499b94ab,True,8ed2df4d082ee6613e9a9480d5f5f41b99b23f4e,509b9d0be086f1a8d8ab8b7af4965c28dc79a1db686b4fdf1a940d5b821666cf,20260924T214530147999Z,1a3ff7e2c71effca240858f489498e7a41d067b52fb3295a452b7a45a656fb24,e546cb1393f49bba18be0d3054c4641ef547509d007bae9c801d3aebce89219e,49,144,rks_narma,tuned,nrmse,0.8212357667778808,exact,60,300,{},3.13.12,numpy_rks,cpu,float64,,"{""task_generation"": 0.015761799993924797, ""reservoir_build"": 0.00023120001424103975, ""feature_extraction"": 8.880000677891076e-05, ""readout_training"": 0.050856899993959814}"
658f79b0-af8f-4666-a805-74ce9f7c7966,True,8ed2df4d082ee6613e9a9480d5f5f41b99b23f4e,509b9d0be086f1a8d8ab8b7af4965c28dc79a1db686b4fdf1a940d5b821666cf,20260924T214530147999Z,1a3ff7e2c71effca240858f489498e7a41d067b52fb3295a452b7a45a656fb24,3d5afd3936d4cbb2fc6e01c175dd741a0231ec43df4453648ee4ed8fa690069c,50,145,rks_narma,tuned,nrmse,0.9066904928026939,exact,60,300,{},3.13.12,numpy_rks,cpu,float64,,"{""task_generation"": 0.010869999998249114, ""reservoir_build"": 0.00014570000348612666, ""feature_extraction"": 7.079998613335192e-05, ""readout_training"": 0.0338958999782335}"
a569f9a9-dff8-4f3c-b2aa-713606a86d94,True,8ed2df4d082ee6613e9a9480d5f5f41b99b23f4e,509b9d0be086f1a8d8ab8b7af4965c28dc79a1db686b4fdf1a940d5b821666cf,20260924T214530147999Z,1a3ff7e2c71effca240858f489498e7a41d067b52fb3295a452b7a45a656fb24,de384dc1f4523494de19422306e2719040ece9e023e9e8bd3c8c55141a777fa5,51,146,rks_narma,tuned,nrmse,1.184707823523249,exact,60,300,{},3.13.12,numpy_rks,cpu,float64,,"{""task_generation"": 0.018188900023233145, ""reservoir_build"": 0.0003476999991107732, ""feature_extraction"": 0.0001720000000204891, ""readout_training"": 0.05977560000610538}"
2b19186f-befa-42d3-ad64-5534b006ba6f,True,8ed2df4d082ee6613e9a9480d5f5f41b99b23f4e,509b9d0be086f1a8d8ab8b7af4965c28dc79a1db686b4fdf1a940d5b821666cf,20260924T214530147999Z,1a3ff7e2c71effca240858f489498e7a41d067b52fb3295a452b7a45a656fb24,91efc3403cb80da12d1176614a6b65a8b7544757c916c008fee2336dae1859ab,52,147,rks_narma,tuned,nrmse,0.9715859861004993,exact,60,300,{},3.13.12,numpy_rks,cpu,float64,,"{""task_generation"": 0.011044099985156208, ""reservoir_build"": 0.0002007999864872545, ""feature_extraction"": 9.899999713525176e-05, ""readout_training"": 0.05487269998411648}"
faa4dc1d-ce0f-4d04-97d1-970f1a84f37a,True,8ed2df4d082ee6613e9a9480d5f5f41b99b23f4e,509b9d0be086f1a8d8ab8b7af4965c28dc79a1db686b4fdf1a940d5b821666cf,20260924T214530147999Z,1a3ff7e2c71effca240858f489498e7a41d067b52fb3295a452b7a45a656fb24,4643efea6eeb4b1a77d935075150fdc3077b852070bb5d5643f6d8dec29b34c9,53,148,rks_narma,tuned,nrmse,0.8696963526465039,exact,60,300,{},3.13.12,numpy_rks,cpu,float64,,"{""task_generation"": 0.013000100007047877, ""reservoir_build"": 0.00020569999469444156, ""feature_extraction"": 9.129999671131372e-05, ""readout_training"": 0.04596400001901202}"
9771ec99-61c3-4b69-ac4a-753b675c2d5d,True,8ed2df4d082ee6613e9a9480d5f5f41b99b23f4e,509b9d0be086f1a8d8ab8b7af4965c28dc79a1db686b4fdf1a940d5b821666cf,20260924T214530147999Z,1a3ff7e2c71effca240858f489498e7a41d067b52fb3295a452b7a45a656fb24,fc40847dccd2723d7bcadb1853dad4e7c9087e19cae404a1c439c561c5107817,42,137,esn_narma,default,nrmse,0.8666237725080389,exact,1,0,{},3.13.12,numpy_esn,cpu,float64,,"{""task_generation"": 0.013855700002750382, ""reservoir_build"": 0.00037629998405463994, ""feature_extraction"": 0.001984600006835535, ""readout_training"": 0.05008069999166764}"
3966a317-b0c6-4805-b7c5-23c0d56220c6,True,8ed2df4d082ee6613e9a9480d5f5f41b99b23f4e,509b9d0be086f1a8d8ab8b7af4965c28dc79a1db686b4fdf1a940d5b821666cf,20260924T214530147999Z,1a3ff7e2c71effca240858f489498e7a41d067b52fb3295a452b7a45a656fb24,eda68d1e53482162134fe584182d7b2d90be7447a914dc81d448df097137f0bb,43,138,esn_narma,default,nrmse,0.8587103431396967,exact,1,0,{},3.13.12,numpy_esn,cpu,float64,,"{""task_generation"": 0.010419500002171844, ""reservoir_build"": 0.00023849998251534998, ""feature_extraction"": 0.0017179999849759042, ""readout_training"": 0.04421399999409914}"
67902d45-3a72-4265-8464-80fc41c0eba3,True,8ed2df4d082ee6613e9a9480d5f5f41b99b23f4e,509b9d0be086f1a8d8ab8b7af4965c28dc79a1db686b4fdf1a940d5b821666cf,20260924T214530147999Z,1a3ff7e2c71effca240858f489498e7a41d067b52fb3295a452b7a45a656fb24,0ee87efd80facfb084bda28f31b075771ada6c3e9ae6896fd4e36775c92dd92f,44,139,esn_narma,default,nrmse,0.8423228551546325,exact,1,0,{},3.13.12,numpy_esn,cpu,float64,,"{""task_generation"": 0.015496800013352185, ""reservoir_build"": 0.0003257999778725207, ""feature_extraction"": 0.0032943999976851046, ""readout_training"": 0.03804569999920204}"
99f083ab-88b0-433a-8d22-2363aedbf7f5,True,8ed2df4d082ee6613e9a9480d5f5f41b99b23f4e,509b9d0be086f1a8d8ab8b7af4965c28dc79a1db686b4fdf1a940d5b821666cf,20260924T214530147999Z,1a3ff7e2c71effca240858f489498e7a41d067b52fb3295a452b7a45a656fb24,21cdb97c010ac62d75d660a026e94a60297211e0f5d588c6ad061af31bcf1cf9,45,140,esn_narma,default,nrmse,0.8107612709277269,exact,1,0,{},3.13.12,numpy_esn,cpu,float64,,"{""task_generation"": 0.010449100023834035, ""reservoir_build"": 0.00039060000563040376, ""feature_extraction"": 0.003042199998162687, ""readout_training"": 0.041646999976364896}"
871efba7-20c3-4025-a884-9154f8107c10,True,8ed2df4d082ee6613e9a9480d5f5f41b99b23f4e,509b9d0be086f1a8d8ab8b7af4965c28dc79a1db686b4fdf1a940d5b821666cf,20260924T214530147999Z,1a3ff7e2c71effca240858f489498e7a41d067b52fb3295a452b7a45a656fb24,75809c7fa4a19674a3b1d39dcaddf9d7ea90e561b7d42f1fdb221528bdb6dc24,46,141,esn_narma,default,nrmse,0.9236003106959632,exact,1,0,{},3.13.12,numpy_esn,cpu,float64,,"{""task_generation"": 0.009112300002016127, ""reservoir_build"": 0.00039610001840628684, ""feature_extraction"": 0.002725900005316362, ""readout_training"": 0.057358199992449954}"
823e6ae3-6665-459f-8ec9-d89f6542b282,True,8ed2df4d082ee6613e9a9480d5f5f41b99b23f4e,509b9d0be086f1a8d8ab8b7af4965c28dc79a1db686b4fdf1a940d5b821666cf,20260924T214530147999Z,1a3ff7e2c71effca240858f489498e7a41d067b52fb3295a452b7a45a656fb24,0e535abcd09023abb6acea9e2891007b0f92f397035369c208254f0f7c85c050,47,142,esn_narma,default,nrmse,0.8687234112592197,exact,1,0,{},3.13.12,numpy_esn,cpu,float64,,"{""task_generation"": 0.014439899998251349, ""reservoir_build"": 0.001130899996496737, ""feature_extraction"": 0.0038844999799039215, ""readout_training"": 0.05146349998540245}"
464895cc-da05-4ef4-a41e-374d333de40d,True,8ed2df4d082ee6613e9a9480d5f5f41b99b23f4e,509b9d0be086f1a8d8ab8b7af4965c28dc79a1db686b4fdf1a940d5b821666cf,20260924T214530147999Z,1a3ff7e2c71effca240858f489498e7a41d067b52fb3295a452b7a45a656fb24,327e4b2b84e6d7936550ff0fe11b05df238e32e5423d53ef879dc23471e8d044,48,143,esn_narma,default,nrmse,0.9055090202533674,exact,1,0,{},3.13.12,numpy_esn,cpu,float64,,"{""task_generation"": 0.009380500006955117, ""reservoir_build"": 0.0001978000218514353, ""feature_extraction"": 0.0017367999826092273, ""readout_training"": 0.03857629999401979}"
2c43e0aa-29c4-489d-8268-51171e9ed6a7,True,8ed2df4d082ee6613e9a9480d5f5f41b99b23f4e,509b9d0be086f1a8d8ab8b7af4965c28dc79a1db686b4fdf1a940d5b821666cf,20260924T214530147999Z,1a3ff7e2c71effca240858f489498e7a41d067b52fb3295a452b7a45a656fb24,6ae62c5205df2383ee2e7f5f893bddaee45174f96fd61387f319b2434974ddf7,49,144,esn_narma,default,nrmse,0.8399663141740881,exact,1,0,{},3.13.12,numpy_esn,cpu,float64,,"{""task_generation"": 0.013000700011616573, ""reservoir_build"": 0.00021319999359548092, ""feature_extraction"": 0.001710700016701594, ""readout_training"": 0.051795899984426796}"
5e498d5d-0e62-4f14-af5f-98f09e63490b,True,8ed2df4d082ee6613e9a9480d5f5f41b99b23f4e,509b9d0be086f1a8d8ab8b7af4965c28dc79a1db686b4fdf1a940d5b821666cf,20260924T214530147999Z,1a3ff7e2c71effca240858f489498e7a41d067b52fb3295a452b7a45a656fb24,e3b359368492bf54fcc51cdb4727ad84eb3133e9d7432b3101401da65d604a78,50,145,esn_narma,default,nrmse,0.9310862632388746,exact,1,0,{},3.13.12,numpy_esn,cpu,float64,,"{""task_generation"": 0.01654069998767227, ""reservoir_build"": 0.0003105000068899244, ""feature_extraction"": 0.004606800008332357, ""readout_training"": 0.05909670001710765}"
828c4734-1c49-4aae-9dfa-d6fdc4a5e895,True,8ed2df4d082ee6613e9a9480d5f5f41b99b23f4e,509b9d0be086f1a8d8ab8b7af4965c28dc79a1db686b4fdf1a940d5b821666cf,20260924T214530147999Z,1a3ff7e2c71effca240858f489498e7a41d067b52fb3295a452b7a45a656fb24,851180aba4dcddd2b64e415e0eed7791a26e047daf76474e6c4d38a5b22a8572,51,146,esn_narma,default,nrmse,1.1881646518563607,exact,1,0,{},3.13.12,numpy_esn,cpu,float64,,"{""task_generation"": 0.008794399996986613, ""reservoir_build"": 0.00022250000620260835, ""feature_extraction"": 0.0017511000041849911, ""readout_training"": 0.03726700000697747}"
2bcf1acf-5264-4db1-84f2-979d47fb32d7,True,8ed2df4d082ee6613e9a9480d5f5f41b99b23f4e,509b9d0be086f1a8d8ab8b7af4965c28dc79a1db686b4fdf1a940d5b821666cf,20260924T214530147999Z,1a3ff7e2c71effca240858f489498e7a41d067b52fb3295a452b7a45a656fb24,bb917aa87f0eab5504141befb394a3da0daa543aa14e6912c6df8a8a90bf8a37,52,147,esn_narma,default,nrmse,0.9748406053318889,exact,1,0,{},3.13.12,numpy_esn,cpu,float64,,"{""task_generation"": 0.011062200006563216, ""reservoir_build"": 0.00026020000223070383, ""feature_extraction"": 0.0019419000018388033, ""readout_training"": 0.037245399988023564}"
c8a5f353-affc-4b66-972b-62f9b22e622f,True,8ed2df4d082ee6613e9a9480d5f5f41b99b23f4e,509b9d0be086f1a8d8ab8b7af4965c28dc79a1db686b4fdf1a940d5b821666cf,20260924T214530147999Z,1a3ff7e2c71effca240858f489498e7a41d067b52fb3295a452b7a45a656fb24,69edc357f38ef2696e27e0beed3a3d6f6e34698ac8fc18b4e0fa6c6d7f051cee,53,148,esn_narma,default,nrmse,0.8279498156953552,exact,1,0,{},3.13.12,numpy_esn,cpu,float64,,"{""task_generation"": 0.014062200003536418, ""reservoir_build"": 0.0003053999971598387, ""feature_extraction"": 0.0030590000096708536, ""readout_training"": 0.05831490000127815}"
